OligoID,sampleID,Status,availability,group,purification,resuspended,buffer,concentration,sequence,ECLComplexes,ECLComplexes 2,Notes,volume_uL,amount_nmol,enough4HPLC,aliquot_factor
blank,NA,,Unavailable,,,,,9999.0,,blank,,,,0,0,0
SL001,"Object[Sample, ""id:pZx9jo8pqjk9""]",measured,Available,,standard desalting,checked,20mM Tris,200.0,,SL001,,,637.9,128,1,1
WC1106,"Object[Sample, ""id:N80DNj1JzN4o""]",measured,Available,WC24,standard desalting,checked,1M NaCl melt buffer,128.0,,WC1106,,,42.2,5,0,1
WC593,"Object[Sample, ""id:L8kPEjn3ZEMl""]",measured,Unavailable,WC24,standard desalting,checked,1M NaCl melt buffer,128.0,,,,,0.0,0,0,1
WC2318,"Object[Sample, ""id:WNa4ZjK1WZrL""]",measured,Low,WC24,standard desalting,checked,1M NaCl melt buffer,128.0,,WC2318,,,1.5,0,0,1
WC68,"Object[Sample, ""id:Y0lXejMpm8oP""]",measured,Available,WC24,standard desalting,checked,1M NaCl melt buffer,128.0,,WC68,,,114.0,15,0,1
WC209,"Object[Sample, ""id:8qZ1VW0wPaXA""]",measured,Low,WC24,standard desalting,checked,1M NaCl melt buffer,128.0,,,,,1.4,0,0,1
WC1048,"Object[Sample, ""id:P5ZnEjdKYJJW""]",measured,Available,WC24,standard desalting,checked,1M NaCl melt buffer,128.0,,WC1048,,,140.6,18,0,1
WC1394,"Object[Sample, ""id:7X104vnDo3nk""]",measured,Available,WC24,standard desalting,checked,1M NaCl melt buffer,128.0,,WC1394,,,81.5,10,0,1
WC200,"Object[Sample, ""id:dORYzZJ85wEG""]",measured,Available,WC24,standard desalting,checked,1M NaCl melt buffer,128.0,,WC200,,,137.0,18,0,1
WC578,"Object[Sample, ""id:o1k9jAG4lYxx""]",measured,Available,WC24,standard desalting,checked,1M NaCl melt buffer,128.0,,WC578,,,141.8,18,0,1
WC1025,"Object[Sample, ""id:Vrbp1jKnqpBm""]",measured,Available,WC24,standard desalting,checked,1M NaCl melt buffer,128.0,,WC1025,,,96.3,12,0,1
WC1154,"Object[Sample, ""id:AEqRl9K0ORGW""]",measured,Available,WC24,standard desalting,checked,1M NaCl melt buffer,128.0,,WC1154,,,207.8,27,0,1
WC788,"Object[Sample, ""id:3em6ZvLzJv8W""]",measured,Available,WC24,standard desalting,checked,1M NaCl melt buffer,128.0,,WC788,,,49.8,6,0,1
WC1423,"Object[Sample, ""id:4pO6dM5L9Mv8""]",measured,Available,WC24,standard desalting,checked,1M NaCl melt buffer,128.0,,,,,19.7,3,0,1
WC1203,"Object[Sample, ""id:BYDOjvGZ9me8""]",measured,Available,WC24,standard desalting,checked,1M NaCl melt buffer,128.0,,WC1203,,,65.4,8,0,1
WC2922,"Object[Sample, ""id:pZx9jo8X7BKj""]",measured,Available,WC24,standard desalting,checked,1M NaCl melt buffer,128.0,,WC2922,,,240.5,31,0,1
WC91,"Object[Sample, ""id:dORYzZJ85Mpb""]",measured,Available,WC24,standard desalting,checked,1M NaCl melt buffer,128.0,,WC91,,,662.2,85,1,1
WC2119,"Object[Sample, ""id:bq9LA0JDprPa""]",measured,Available,WC24,standard desalting,checked,1M NaCl melt buffer,128.0,,WC2119,,,595.7,76,1,1
WC2215,"Object[Sample, ""id:Z1lqpMzVdkKW""]",measured,Available,WC24,standard desalting,checked,1M NaCl melt buffer,128.0,,WC2215,,,554.2,71,1,1
WC1257,"Object[Sample, ""id:XnlV5jKdDLlo""]",measured,Available,WC24,standard desalting,checked,1M NaCl melt buffer,128.0,,,,,642.4,82,1,1
WC988,"Object[Sample, ""id:54n6evLYz00Y""]",measured,Available,WC24,standard desalting,checked,1M NaCl melt buffer,128.0,,,,,445.4,57,1,1
WC2781,"Object[Sample, ""id:qdkmxzqRlYa1""]",measured,Available,WC24,standard desalting,checked,1M NaCl melt buffer,128.0,,,,,969.9,124,1,1
WC2973,"Object[Sample, ""id:GmzlKjPGAOMN""]",measured,Available,WC24,standard desalting,checked,1M NaCl melt buffer,128.0,,,,,486.5,62,1,1
WC1671,"Object[Sample, ""id:P5ZnEjdKY1AL""]",measured,Available,WC24,standard desalting,checked,1M NaCl melt buffer,128.0,,,,,524.0,67,1,1
WC2942,"Object[Sample, ""id:pZx9jo8X7N69""]",measured,Available,WC24,standard desalting,checked,1M NaCl melt buffer,128.0,,,,,461.0,59,1,1
WC68_stem_3p,"Object[Sample, ""id:9RdZXvdmnJea""]",received,Available,WC_split,standard desalting,checked,10mM Tris 0.1mM EDTA,100.0,,,WC68_stem,,1600.0,160,1,1
WC68_stem_5p,"Object[Sample, ""id:D8KAEvKNpo4m""]",received,Available,WC_split,standard desalting,checked,10mM Tris 0.1mM EDTA,100.0,,WC68_stem,,,1324.0,132,1,1
WC1025_stem_5p,"Object[Sample,""id:L8kPEjkzolwA""]",measured,Available,WC_split,standard desalting,checked,10mM Tris 0.1mM EDTA,600.0,,WC1025_stem,,,10.3,6,0,0
WC1025_stem_3p,"Object[Sample,""id:O81aEB1PoN9e""]",measured,Available,WC_split,standard desalting,checked,10mM Tris 0.1mM EDTA,600.0,,,WC1025_stem,,4.7,3,0,0
WC1025_split_5p,"Object[Sample,""id:1ZA60vAexkRP""]",measured,Available,WC_split,standard desalting,checked,10mM Tris 0.1mM EDTA,600.0,,WC1025_split,,,159.5,96,1,0
WC1025_split_3p,"Object[Sample,""id:aXRlGnRbKjoX""]",measured,Available,WC_split,standard desalting,checked,10mM Tris 0.1mM EDTA,600.0,,,WC1025_split,,129.5,78,1,0
WC1375,"Object[Sample, ""id:Vrbp1jbDRDwo""]",unavailable,Unavailable,WC_split,PAGE,checked,10mM HEPES,1000.0,,WC1375,,17 nmol gets you 57 uM in 300 ul. 5 nmol gets you ~16 uM,0.0,0,0,0
WC1375_stem_5p,"Object[Sample, ""id:XnlV5jlzGzwz""]",received,Available,WC_split,PAGE,checked,10mM HEPES,1000.0,,"WC1375_stem,WC1375_stem",,,23.3,23,0,0
WC1375_stem_3p,"Object[Sample, ""id:qdkmxzko9oX0""]",received,Available,WC_split,PAGE,checked,10mM HEPES,1000.0,,,"WC1375_stem,WC1375_stem",,14.5,14,0,0
WC1375,"Object[Sample, ""id:BYDOjvDNA11D""]",received,Available,WC_split,standard desalting,checked,10mM HEPES,1000.0,,,,,4.3,4,0,0
TRINNN470,"Object[Sample, ""id:AEqRl9q556lv""]",received,Available,HP35,standard desalting,checked,10mM HEPES,1000.0,,TRINNN470,,,7.7,8,0,0
TRINNN452,"Object[Sample, ""id:eGaklda005Px""]",received,Unavailable,HP35,standard desalting,checked,10mM HEPES,1000.0,,TRINNN452,,,0.0,0,0,0
TRINNN512,"Object[Sample, ""id:Y0lXejlGGLVo""]",received,Available,HP35,standard desalting,checked,10mM HEPES,1000.0,,TRINNN512,,,7.3,7,0,0
WC510,"Object[Sample, ""id:rea9jla11wKb""]",received,Unavailable,HP35,standard desalting,checked,10mM HEPES,1000.0,,WC510,,,0.0,0,0,0
MMCNN151,"Object[Sample, ""id:n0k9mGkzzD73""]",received,Available,HP35,standard desalting,checked,10mM HEPES,1000.0,,MMCNN151,,,19.0,19,0,0
MMCNN20,"Object[Sample, ""id:wqW9BPW448AJ""]",received,Available,HP35,standard desalting,checked,10mM HEPES,1000.0,,MMCNN20,,,46.0,46,0,0
BNNN4291,"Object[Sample, ""id:o1k9jAkKK04N""]",received,Unavailable,HP35,standard desalting,checked,10mM HEPES,1000.0,,BNNN4291,,,0.0,0,0,0
MMCNN112,"Object[Sample, ""id:lYq9jRqzz5e4""]",received,Unavailable,HP35,standard desalting,checked,10mM HEPES,1000.0,,MMCNN112,,,0.0,0,0,0
TETNNN1390,"Object[Sample, ""id:Z1lqpMlGGWz4""]",received,Unavailable,HP35,standard desalting,checked,10mM HEPES,1000.0,,TETNNN1390,,,0.0,0,0,0
BNNN9183,"Object[Sample, ""id:Z1lqpMlGGD89""]",received,Unavailable,HP35,standard desalting,checked,10mM HEPES,1000.0,,BNNN9183,,,0.0,0,0,0
TRINNN544,"Object[Sample, ""id:M8n3rxnYYRX5""]",received,Unavailable,HP35,standard desalting,checked,10mM HEPES,1000.0,,TRINNN544,,,0.0,0,0,0
BNN451,"Object[Sample, ""id:xRO9n3Ovv9LZ""]",received,Unavailable,HP35,standard desalting,checked,10mM HEPES,1000.0,,BNN451,,,0.0,0,0,0
TETNNN3490,"Object[Sample, ""id:Y0lXejlGGj3x""]",received,Unavailable,HP35,standard desalting,checked,10mM HEPES,1000.0,,TETNNN3490,,,0.0,0,0,0
MMCNN70,"Object[Sample, ""id:xRO9n3Ovv5xq""]",received,Available,HP35,standard desalting,checked,10mM HEPES,1000.0,,MMCNN70,,,26.6,27,0,0
TETNNN204,"Object[Sample, ""id:Z1lqpMlGG3J5""]",received,Unavailable,HP35,standard desalting,checked,10mM HEPES,1000.0,,TETNNN204,,,0.0,0,0,0
WC1767,"Object[Sample, ""id:01G6nvGkkE1K""]",received,Unavailable,HP35,standard desalting,checked,10mM HEPES,1000.0,,WC1767,,,0.0,0,0,0
MMCNN124,"Object[Sample, ""id:mnk9jOk33MrR""]",received,Available,HP35,standard desalting,checked,10mM HEPES,1000.0,,MMCNN124,,,12.6,13,0,0
BNNN3096,"Object[Sample, ""id:L8kPEjkNNvzl""]",received,Unavailable,HP35,standard desalting,checked,10mM HEPES,1000.0,,BNNN3096,,,0.0,0,0,0
WC1749,"Object[Sample, ""id:KBL5DvLYY7zn""]",received,Unavailable,HP35,standard desalting,checked,10mM HEPES,1000.0,,WC1749,,,0.0,0,0,0
WC135,"Object[Sample, ""id:n0k9mGkzz6wk""]",received,Unavailable,HP35,standard desalting,checked,10mM HEPES,1000.0,,WC135,,,0.0,0,0,0
TRINNN520,"Object[Sample, ""id:mnk9jOk33DWZ""]",received,Unavailable,HP35,standard desalting,checked,10mM HEPES,1000.0,,TRINNN520,,,0.0,0,0,0
BNN626,"Object[Sample, ""id:6V0npv0KK1rZ""]",received,Unavailable,HP35,standard desalting,checked,10mM HEPES,1000.0,,BNN626,,,0.0,0,0,0
TETNNN1262,"Object[Sample, ""id:qdkmxzk00YG1""]",received,Unavailable,HP35,standard desalting,checked,10mM HEPES,1000.0,,TETNNN1262,,,0.0,0,0,0
TETNNN1511,"Object[Sample, ""id:kEJ9mqJaaA68""]",received,Unavailable,HP35,standard desalting,checked,10mM HEPES,1000.0,,TETNNN1511,,,0.0,0,0,0
TRINNN162,"Object[Sample, ""id:n0k9mGkzzjb4""]",received,Unavailable,HP35,standard desalting,checked,10mM HEPES,1000.0,,TRINNN162,,,0.0,0,0,0
WC1272,"Object[Sample, ""id:P5ZnEjZ441kR""]",received,Unavailable,HP35,standard desalting,checked,10mM HEPES,1000.0,,WC1272,,,0.0,0,0,0
WC1785,"Object[Sample, ""id:KBL5DvLYYbaa""]",received,Unavailable,HP35,standard desalting,checked,10mM HEPES,1000.0,,WC1785,,,0.0,0,0,0
BNNN2110,"Object[Sample, ""id:01G6nvGkkYk4""]",received,Unavailable,HP35,standard desalting,checked,10mM HEPES,1000.0,,BNNN2110,,,0.0,0,0,0
WC28,"Object[Sample, ""id:mnk9jOk3348Z""]",received,Unavailable,HP35,standard desalting,checked,10mM HEPES,1000.0,,WC28,,,0.0,0,0,0
TRINNN445,"Object[Sample, ""id:GmzlKjzYYZK9""]",received,Unavailable,HP35,standard desalting,checked,10mM HEPES,1000.0,,TRINNN445,,,0.0,0,0,0
MMCNN88,"Object[Sample, ""id:AEqRl9q55vnv""]",received,Available,HP35,standard desalting,checked,10mM HEPES,1000.0,,MMCNN88,,,27.8,28,0,0
TETNNN3276,"Object[Sample, ""id:P5ZnEjZ44eaL""]",received,Unavailable,HP35,standard desalting,checked,10mM HEPES,1000.0,,TETNNN3276,,,0.0,0,0,0
MMCNN164,"Object[Sample, ""id:R8e1PjeRR4DJ""]",received,Unavailable,HP35,standard desalting,checked,10mM HEPES,1000.0,,MMCNN164,,,0.0,0,0,0
BNNN8973,"Object[Sample, ""id:Z1lqpMlGGZL5""]",received,Unavailable,HP35,standard desalting,checked,10mM HEPES,1000.0,,BNNN8973,,,0.0,0,0,0
TETNNN449,"Object[Sample, ""id:9RdZXvdKKxKZ""]",received,Unavailable,HP35,standard desalting,checked,10mM HEPES,1000.0,,TETNNN449,,,0.0,0,0,0
WC1375_stem_5p_3x,"Object[Sample, ""id:L8kPEjkNNGXV""]",received,Available,WC_split,standard desalting,checked,10mM HEPES,1000.0,,WC1375_stem_3x,,,47.8,48,0,0
WC1375_stem_3p_3x,"Object[Sample, ""id:KBL5DvLYYOOj""]",received,Unavailable,WC_split,standard desalting,checked,10mM HEPES,1000.0,,,WC1375_stem_3x,,0.0,0,0,0
WC1375_stem_5p,"Object[Sample, ""id:XnlV5jlmmdKM""]",received,Available,WC_split,standard desalting,checked,10mM HEPES,1000.0,,,,,110.1,110,1,0
WC1375_stem_3p,"Object[Sample, ""id:N80DNj0llJa6""]",received,Available,WC_split,standard desalting,checked,10mM HEPES,1000.0,,,,,136.8,137,1,0
WC1025_stem,,,Unavailable,,standard desalting,checked,,,,,,,0.0,0,0,1
WC1025_split,,,Unavailable,,standard desalting,checked,,,,,,,0.0,0,0,1
WC1432,"Object[Sample, ""id:4pO6dM5L9Mv8""]",measured,Available,WC24,standard desalting,checked,1M NaCl melt buffer,128.0,,WC1432,,,19.7,3,0,1
DMM001_5p,"Object[Sample, ""id:N80DNj0kbnpW""]",received,Available,duplex14,standard desalting,checked,10mM HEPES,400.0,GATTAATGTATATGG,DMM001,,,15.0,6,0,1
DMM001_3p,"Object[Sample, ""id:6V0npv0AMRPq""]",received,Available,duplex14,standard desalting,checked,10mM HEPES,400.0,CCATATATATTAATC,DMM001-ref,DMM001,,5.6,2,0,1
DMM002_5p,"Object[Sample, ""id:dORYzZRm9EBA""]",received,Available,duplex14,standard desalting,checked,10mM HEPES,400.0,GAATTCTTTATATAC,DMM002,,,191.6,77,1,1
DMM002_3p,"Object[Sample, ""id:Z1lqpMlvLa55""]",unavailable,Unavailable,duplex14,standard desalting,checked,10mM HEPES,400.0,GTATATAGAGAATTC,DMM002-ref,DMM002,,0.0,0,0,1
DMM003_5p,"Object[Sample, ""id:vXl9j5l4BzdZ""]",received,Available,duplex14,standard desalting,checked,10mM HEPES,400.0,GTATTATCAGTTATGATAAC,DMM003,,,83.9,34,0,1
DMM003_3p,"Object[Sample, ""id:KBL5DvLRx4pJ""]",received,Available,duplex14,standard desalting,checked,10mM HEPES,400.0,GTTATCATAATTGATAATAC,DMM003-ref,DMM003,,99.1,40,0,1
DMM004_5p,"Object[Sample, ""id:O81aEB1lbdme""]",received,Available,duplex14,standard desalting,checked,10mM HEPES,400.0,GCTAAACGTTAACTG,DMM004,,,182.1,73,1,1
DMM004_3p,"Object[Sample, ""id:1ZA60vAPKGOq""]",received,Available,duplex14,standard desalting,checked,10mM HEPES,400.0,CAGTTAATCTTTAGC,DMM004-ref,DMM004,,202.2,81,1,1
DMM005_5p,"Object[Sample, ""id:GmzlKjzRbDJ5""]",received,Available,duplex14,standard desalting,checked,10mM HEPES,400.0,GAAATCGCCTAATAG,DMM005,,,171.0,68,1,1
DMM005_3p,"Object[Sample, ""id:kEJ9mqJGbVJL""]",received,Available,duplex14,standard desalting,checked,10mM HEPES,400.0,CTATTAGATGATTTC,DMM005-ref,DMM005,,230.9,92,1,1
DMM006_5p,"Object[Sample, ""id:rea9jlaZKoVp""]",received,Available,duplex14,standard desalting,checked,10mM HEPES,400.0,GATAGATTATATCTAATAAC,DMM006,,,187.2,75,1,1
DMM006_3p,"Object[Sample, ""id:WNa4ZjazGAzR""]",unavailable,Unavailable,duplex14,standard desalting,checked,10mM HEPES,400.0,GTTATTAGAGGTAATCTATC,DMM006-ref,DMM006,,0.0,0,0,1
DMM007_5p,"Object[Sample, ""id:GmzlKjzRr4jM""]",received,Available,duplex14,standard desalting,checked,10mM HEPES,400.0,CATAATAATGGTTATAGAAC,,,,183.7,73,1,1
DMM007_3p,"Object[Sample, ""id:9RdZXvd9o66X""]",received,Available,duplex14,standard desalting,checked,10mM HEPES,400.0,GTTCTATAATAATTATTATG,DMM007-ref,,,201.2,80,1,1
DBG001_5p,"Object[Sample, ""id:eGakldaD6ZPx""]",received,Available,duplex14,standard desalting,checked,10mM HEPES,400.0,GTTATTAGATCTTTC,DBG001,,,235.6,94,1,1
DBG001_3p,"Object[Sample, ""id:XnlV5jlOA1x8""]",received,Available,duplex14,standard desalting,checked,10mM HEPES,400.0,GAAAGATTAATAAC,DBG001-ref,DBG001,,202.3,81,1,1
DBG002_5p,"Object[Sample, ""id:aXRlGnRaYbnp""]",received,Available,duplex14,standard desalting,checked,10mM HEPES,400.0,GGTTATACTATAGAC,DBG002,,,192.2,77,1,1
DBG002_3p,"Object[Sample, ""id:1ZA60vAP4Xx5""]",received,Available,duplex14,standard desalting,checked,10mM HEPES,400.0,GTCTATATATAACC,DBG002-ref,DBG002,,200.3,80,1,1
DBG003_5p,"Object[Sample, ""id:n0k9mGkKwA13""]",received,Available,duplex14,standard desalting,checked,10mM HEPES,400.0,TCTCTTATTGAGAGATATAA,DBG003,,,168.4,67,1,1
DBG003_3p,"Object[Sample, ""id:Y0lXejlOo6KE""]",received,Available,duplex14,standard desalting,checked,10mM HEPES,400.0,TTATATCTCTAATAAGAGA,DBG003-ref,DBG003,,213.9,86,1,1
DBG004_5p,"Object[Sample, ""id:pZx9jox0wna9""]",received,Available,duplex14,standard desalting,checked,10mM HEPES,400.0,CATTAGACCTGTATAC,DBG004,,,188.6,75,1,1
DBG004_3p,"Object[Sample, ""id:N80DNj0kd1x6""]",received,Available,duplex14,standard desalting,checked,10mM HEPES,400.0,GTATACATCTAATG,DBG004-ref,DBG004,,141.2,56,1,1
DBG005_5p,"Object[Sample, ""id:R8e1PjeYVezp""]",received,Available,duplex14,standard desalting,checked,10mM HEPES,400.0,GTTATAGCCTATTTCG,DBG005,,,222.9,89,1,1
DBG005_3p,"Object[Sample, ""id:AEqRl9qdmq0w""]",received,Available,duplex14,standard desalting,checked,10mM HEPES,400.0,CGAAATACTATAAC,DBG005-ref,DBG005,,131.4,53,1,1
DBG006_5p,"Object[Sample, ""id:01G6nvGPpDRd""]",received,Available,duplex14,standard desalting,checked,10mM HEPES,400.0,CATATATGCGGTTTACGCAT,DBG006,,,164.5,66,1,1
DBG006_3p,"Object[Sample, ""id:zGj91ajAnkMx""]",received,Available,duplex14,standard desalting,checked,10mM HEPES,400.0,ATGCGTAAAGCATATATG,DBG006-ref,DBG006,,90.5,36,0,1
DBG007_5p,"Object[Sample, ""id:n0k9mGkKwKxr""]",received,Available,duplex14,standard desalting,checked,10mM HEPES,400.0,GATTAATATGGCTTAAATAG,DBG007,,,94.9,38,0,1
DBG007_3p,"Object[Sample, ""id:aXRlGnRaYa4p""]",received,Available,duplex14,standard desalting,checked,10mM HEPES,400.0,CTATTTAAGATATTAATC,DBG007-ref,DBG007,,106.5,43,0,1
BC0,"Object[Sample, ""id:R8e1PjenJOpp""]",received,Available,order90,standard desalting,checked,10mM HEPES,200.0,CAAGCCGAAAGGCTTG,BC0,,,317.6,64,1,1
BC1,"Object[Sample, ""id:kEJ9mqJkN6bE""]",received,Available,order90,standard desalting,checked,10mM HEPES,200.0,CAACCAGAAATGGTTG,BC1,,,362.3,72,1,1
BC6,"Object[Sample, ""id:Y0lXejl4JE0m""]",received,Available,order90,standard desalting,checked,10mM HEPES,200.0,CAAACCGAAAGGCTTG,BC6,,,363.3,73,1,1
BC7,"Object[Sample, ""id:XnlV5jlpJLkP""]",received,Available,order90,standard desalting,checked,10mM HEPES,200.0,CAATCCGAAAGGCTTG,BC7,,,325.2,65,1,1
BC8,"Object[Sample, ""id:6V0npv09BzXe""]",received,Available,order90,standard desalting,checked,10mM HEPES,200.0,CAACCCGAAAGGCTTG,BC8,,,346.0,69,1,1
BC9,"Object[Sample, ""id:XnlV5jlpJZvZ""]",received,Available,order90,standard desalting,checked,10mM HEPES,200.0,CAAACAGAAATGGTTG,BC9,,,325.5,65,1,1
BC10,"Object[Sample, ""id:lYq9jRqEN3q3""]",received,Available,order90,standard desalting,checked,10mM HEPES,200.0,CAATCAGAAATGGTTG,BC10,,,388.5,78,1,1
BC11,"Object[Sample, ""id:o1k9jAkENwqE""]",received,Available,order90,standard desalting,checked,10mM HEPES,200.0,CAAGCAGAAATGGTTG,BC11,,,340.3,68,1,1
MMTM177,"Object[Sample, ""id:wqW9BPWda0BR""]",received,Available,order90,standard desalting,checked,10mM HEPES,200.0,GCATAGCGAAAGCTATGC,MMTM177,,,286.8,57,1,1
MMCNNN2328,"Object[Sample, ""id:E8zoYvz5Bl15""]",received,Available,order90,standard desalting,checked,10mM HEPES,200.0,GCAAAGCGAAAGCTATGC,MMCNNN2328,,,366.7,73,1,1
MMCNNN2331,"Object[Sample, ""id:N80DNj045wxq""]",received,Available,order90,standard desalting,checked,10mM HEPES,200.0,GCACAGCGAAAGCTATGC,MMCNNN2331,,,358.2,72,1,1
MMCNNN2334,"Object[Sample, ""id:O81aEB1VKJ0j""]",received,Available,order90,standard desalting,checked,10mM HEPES,200.0,GCATAGCGAAAGCTCTGC,MMCNNN2334,,,407.3,81,1,1
MMCNNN2335,"Object[Sample, ""id:lYq9jRqEN37l""]",received,Available,order90,standard desalting,checked,10mM HEPES,200.0,GCATAGCGAAAGCTTTGC,MMCNNN2335,,,355.4,71,1,1
MMCNNN2336,"Object[Sample, ""id:P5ZnEjZXJ8ll""]",received,Available,order90,standard desalting,checked,10mM HEPES,200.0,GCATAGCGAAAGCTGTGC,MMCNNN2336,,,378.5,76,1,1
MMCNNN2337,"Object[Sample, ""id:01G6nvGjB3ld""]",received,Available,order90,standard desalting,checked,10mM HEPES,200.0,GCAGAGCGAAAGCTATGC,MMCNNN2337,,,350.3,70,1,1
MMTM1325,"Object[Sample, ""id:pZx9jox3vEW0""]",received,Available,order90,standard desalting,checked,10mM HEPES,200.0,GCCTAGCGAAAGCTATGC,MMTM1325,,,388.4,78,1,1
MMTM176,"Object[Sample, ""id:xRO9n3Oe8JKO""]",received,Available,order90,standard desalting,checked,10mM HEPES,200.0,GCATAGCGAAAGCAATGC,MMTM176,,,329.7,66,1,1
MMTM178,"Object[Sample, ""id:mnk9jOkYmz7K""]",received,Available,order90,standard desalting,checked,10mM HEPES,200.0,GCATAGCGAAAGCCATGC,MMTM178,,,373.3,75,1,1
MMTM179,"Object[Sample, ""id:kEJ9mqJkNANV""]",received,Available,order90,standard desalting,checked,10mM HEPES,200.0,GCATAGCGAAAGCGATGC,MMTM179,,,300.9,60,1,1
MMTM181,"Object[Sample, ""id:wqW9BPWdawD9""]",received,Available,order90,standard desalting,checked,10mM HEPES,200.0,GCATTGCGAAAGCTATGC,MMTM181,,,345.8,69,1,1
MMTM185,"Object[Sample, ""id:Vrbp1jbdNJVq""]",received,Available,order90,standard desalting,checked,10mM HEPES,200.0,GCATCGCGAAAGCTATGC,MMTM185,,,375.2,75,1,1
MMTM189,"Object[Sample, ""id:N80DNj045EKl""]",received,Available,order90,standard desalting,checked,10mM HEPES,200.0,GCATGGCGAAAGCTATGC,MMTM189,,,300.4,60,1,1
MMTM1917,"Object[Sample, ""id:L8kPEjkeJ7BP""]",received,Available,order90,standard desalting,checked,10mM HEPES,200.0,GCGTAGCGAAAGCTATGC,MMTM1917,,,339.8,68,1,1
MMTM29,"Object[Sample, ""id:lYq9jRqENbnp""]",received,Available,order90,standard desalting,checked,10mM HEPES,200.0,GCATAGCGAAAGCTAAGC,MMTM29,,,311.8,62,1,1
MMTM397,"Object[Sample, ""id:kEJ9mqJkNrJE""]",received,Available,order90,standard desalting,checked,10mM HEPES,200.0,GCATAGCGAAAGCTACGC,MMTM397,,,370.5,74,1,1
MMTM509,"Object[Sample, ""id:WNa4ZjaeJpeZ""]",received,Available,order90,standard desalting,checked,10mM HEPES,200.0,GCATAGCGAAAGCTAGGC,MMTM509,,,356.0,71,1,1
MMTM877,"Object[Sample, ""id:D8KAEvKVB393""]",received,Available,order90,standard desalting,checked,10mM HEPES,200.0,GCTTAGCGAAAGCTATGC,MMTM877,,,362.6,73,1,1
DMM001_3p_rc,"Object[Sample, ""id:Y0lXejl4JV7x""]",received,Available,order90,standard desalting,checked,10mM HEPES,200.0,GATTAATATATATGG,,DMM001-ref,,281.5,56,1,1
DMM002_3p_rc,"Object[Sample, ""id:M8n3rxnpJj3m""]",received,Available,order90,standard desalting,checked,10mM HEPES,200.0,GAATTCTCTATATAC,,DMM002-ref,,274.0,55,1,1
DMM003_3p_rc,"Object[Sample, ""id:o1k9jAkENbME""]",received,Available,order90,standard desalting,checked,10mM HEPES,200.0,GTATTATCAATTATGATAAC,,DMM003-ref,,305.3,61,1,1
DMM004_3p_rc,"Object[Sample, ""id:01G6nvGjBZLr""]",received,Available,order90,standard desalting,checked,10mM HEPES,200.0,GCTAAAGATTAACTG,,DMM004-ref,,376.4,75,1,1
DMM005_3p_rc,"Object[Sample, ""id:54n6evnGBa5q""]",received,Available,order90,standard desalting,checked,10mM HEPES,200.0,GAAATCATCTAATAG,,DMM005-ref,,378.4,76,1,1
DMM006_3p_rc,"Object[Sample, ""id:1ZA60vAmBkzq""]",received,Available,order90,standard desalting,checked,10mM HEPES,200.0,GATAGATTACCTCTAATAAC,,DMM006-ref,,396.7,79,1,1
DMM007_3p_rc,"Object[Sample, ""id:54n6evnGBaNL""]",received,Available,order90,standard desalting,checked,10mM HEPES,200.0,CATAATAATTATTATAGAAC,,DMM007-ref,,359.6,72,1,1
DBG001_3p_rc,"Object[Sample, ""id:O81aEB1VKA8o""]",received,Available,order90,standard desalting,checked,10mM HEPES,200.0,GTTATTAATCTTTC,,DBG001-ref,,439.8,88,1,1
DBG002_3p_rc,"Object[Sample, ""id:E8zoYvz5Bd15""]",received,Available,order90,standard desalting,checked,10mM HEPES,200.0,GGTTATATATAGAC,,DBG002-ref,,370.0,74,1,1
DBG003_3p_rc,"Object[Sample, ""id:R8e1PjenJl0p""]",received,Available,order90,standard desalting,checked,10mM HEPES,200.0,TCTCTTATTAGAGATATAA,,DBG003-ref,,458.6,92,1,1
DBG004_3p_rc,"Object[Sample, ""id:jLq9jXqrNnxZ""]",received,Available,order90,standard desalting,checked,10mM HEPES,200.0,CATTAGATGTATAC,,DBG004-ref,,386.8,77,1,1
DBG005_3p_rc,"Object[Sample, ""id:KBL5DvLdJ4Vk""]",received,Available,order90,standard desalting,checked,10mM HEPES,200.0,GTTATAGTATTTCG,,DBG005-ref,,375.6,75,1,1
DBG006_3p_rc,"Object[Sample, ""id:aXRlGnRDWrzB""]",received,Available,order90,standard desalting,checked,10mM HEPES,200.0,CATATATGCTTTACGCAT,,DBG006-ref,,379.3,76,1,1
DBG007_3p_rc,"Object[Sample, ""id:O81aEB1VKRjj""]",received,Available,order90,standard desalting,checked,10mM HEPES,200.0,GATTAATATCTTAAATAG,,DBG007-ref,,335.3,67,1,1
TETNN903,"Object[Sample, ""id:o1k9jAkENxJa""]",received,Available,order90,standard desalting,checked,10mM HEPES,200.0,GCGCCATGGCGC,TETNN903,,,455.0,91,1,1
TETNN966,"Object[Sample, ""id:6V0npv09BLeZ""]",received,Available,order90,standard desalting,checked,10mM HEPES,200.0,GCGCGATCGCGC,TETNN966,,,392.8,79,1,1
TETNN964,"Object[Sample, ""id:9RdZXvdGMkbl""]",received,Available,order90,standard desalting,checked,10mM HEPES,200.0,GCGCGATAGCGC,TETNN964,,,359.7,72,1,1
TETNN836,"Object[Sample, ""id:6V0npv09BL1w""]",received,Available,order90,standard desalting,checked,10mM HEPES,200.0,GCGCTATAGCGC,TETNN836,,,352.0,70,1,1
TETNN839,"Object[Sample, ""id:lYq9jRqEN703""]",received,Available,order90,standard desalting,checked,10mM HEPES,200.0,GCGCTATGGCGC,TETNN839,,,409.7,82,1,1
TETNN965,"Object[Sample, ""id:6V0npv09B4E1""]",received,Available,order90,standard desalting,checked,10mM HEPES,200.0,GCGCGATTGCGC,TETNN965,,,360.9,72,1,1
TETNN837,"Object[Sample, ""id:8qZ1VWZrBXkD""]",received,Available,order90,standard desalting,checked,10mM HEPES,200.0,GCGCTATTGCGC,TETNN837,,,476.6,95,1,1
TETNN773,"Object[Sample, ""id:eGakldaONAv4""]",received,Available,order90,standard desalting,checked,10mM HEPES,200.0,GCGCAATTGCGC,TETNN773,,,374.1,75,1,1
TETNN967,"Object[Sample, ""id:dORYzZRrNGze""]",received,Available,order90,standard desalting,checked,10mM HEPES,200.0,GCGCGATGGCGC,TETNN967,,,346.7,69,1,1
TETNN900,"Object[Sample, ""id:pZx9jox3vGme""]",received,Available,order90,standard desalting,checked,10mM HEPES,200.0,GCGCCATAGCGC,TETNN900,,,386.8,77,1,1
TETNN838,"Object[Sample, ""id:6V0npv09BPdV""]",received,Available,order90,standard desalting,checked,10mM HEPES,200.0,GCGCTATCGCGC,TETNN838,,,396.9,79,1,1
TETNN901,"Object[Sample, ""id:L8kPEjkeYZaA""]",received,Available,order90,standard desalting,checked,10mM HEPES,200.0,GCGCCATTGCGC,TETNN901,,,423.6,85,1,1
TETNN902,"Object[Sample, ""id:zGj91aj4LW6b""]",received,Available,order90,standard desalting,checked,10mM HEPES,200.0,GCGCCATCGCGC,TETNN902,,,431.9,86,1,1
TETNN772,"Object[Sample, ""id:Vrbp1jbdwXKq""]",received,Available,order90,standard desalting,checked,10mM HEPES,200.0,GCGCAATAGCGC,TETNN772,,,418.7,84,1,1
TETNN774,"Object[Sample, ""id:aXRlGnRDwe8x""]",received,Available,order90,standard desalting,checked,10mM HEPES,200.0,GCGCAATCGCGC,TETNN774,,,392.3,78,1,1
TETNN775,"Object[Sample, ""id:vXl9j5lZAJDD""]",received,Available,order90,standard desalting,checked,10mM HEPES,200.0,GCGCAATGGCGC,TETNN775,,,385.0,77,1,1
TETNN1011,"Object[Sample, ""id:XnlV5jlpwRBz""]",received,Available,order90,standard desalting,checked,10mM HEPES,200.0,GCGCGGAGGCGC,TETNN1011,,,411.3,82,1,1
TETNN987,"Object[Sample, ""id:o1k9jAkE5ZDx""]",received,Available,order90,standard desalting,checked,10mM HEPES,200.0,GCGCGTCGGCGC,TETNN987,,,440.6,88,1,1
TETNN983,"Object[Sample, ""id:O81aEB1V35ex""]",received,Available,order90,standard desalting,checked,10mM HEPES,200.0,GCGCGTTGGCGC,TETNN983,,,397.8,80,1,1
TETNN995,"Object[Sample, ""id:Z1lqpMl5wGd0""]",received,Available,order90,standard desalting,checked,10mM HEPES,200.0,GCGCGCAGGCGC,TETNN995,,,413.3,83,1,1
TETNN1019,"Object[Sample, ""id:kEJ9mqJkZap3""]",received,Available,order90,standard desalting,checked,10mM HEPES,200.0,GCGCGGCGGCGC,TETNN1019,,,427.1,85,1,1
TETNN1015,"Object[Sample, ""id:jLq9jXqr1Y31""]",received,Available,order90,standard desalting,checked,10mM HEPES,200.0,GCGCGGTGGCGC,TETNN1015,,,440.9,88,1,1
TETNN971,"Object[Sample, ""id:aXRlGnRDw66j""]",received,Available,order90,standard desalting,checked,10mM HEPES,200.0,GCGCGACGGCGC,TETNN971,,,399.6,80,1,1
TETNN1003,"Object[Sample, ""id:P5ZnEjZXwX4k""]",received,Available,order90,standard desalting,checked,10mM HEPES,200.0,GCGCGCCGGCGC,TETNN1003,,,391.7,78,1,1
TETNN975,"Object[Sample, ""id:L8kPEjkeYmDP""]",received,Available,order90,standard desalting,checked,10mM HEPES,200.0,GCGCGAGGGCGC,TETNN975,,,450.6,90,1,1
TETNN999,"Object[Sample, ""id:Y0lXejl4Wqzm""]",received,Available,order90,standard desalting,checked,10mM HEPES,200.0,GCGCGCTGGCGC,TETNN999,,,366.1,73,1,1
TETNN1007,"Object[Sample, ""id:KBL5DvLdE9vN""]",received,Available,order90,standard desalting,checked,10mM HEPES,200.0,GCGCGCGGGCGC,TETNN1007,,,386.3,77,1,1
TETNN1023,"Object[Sample, ""id:P5ZnEjZXw9eW""]",received,Available,order90,standard desalting,checked,10mM HEPES,200.0,GCGCGGGGGCGC,TETNN1023,,,375.8,75,1,1
TETNN963,"Object[Sample, ""id:jLq9jXqr1jjz""]",received,Available,order90,standard desalting,checked,10mM HEPES,200.0,GCGCGAAGGCGC,TETNN963,,,397.7,80,1,1
TETNN979,"Object[Sample, ""id:dORYzZRrwz4b""]",received,Available,order90,standard desalting,checked,10mM HEPES,200.0,GCGCGTAGGCGC,TETNN979,,,421.1,84,1,1
TETNN991,"Object[Sample, ""id:AEqRl9qeX3kR""]",received,Available,order90,standard desalting,checked,10mM HEPES,200.0,GCGCGTGGGCGC,TETNN991,,,418.5,84,1,1
TETNNN3905,"Object[Sample, ""id:WNa4Zjaew6G4""]",received,Available,order90,standard desalting,checked,10mM HEPES,200.0,GATCCCTAATGGGATC,TETNNN3905,,,378.3,76,1,1
TETNNN1640,"Object[Sample, ""id:E8zoYvz5Gava""]",received,Available,order90,standard desalting,checked,10mM HEPES,200.0,GATCTGTCCACAGATC,TETNNN1640,,,288.1,58,1,1
TETNNN1848,"Object[Sample, ""id:qdkmxzkEXD5a""]",received,Available,order90,standard desalting,checked,10mM HEPES,200.0,GATCTCAGCAGAGATC,TETNNN1848,,,344.3,69,1,1
TETNNN615,"Object[Sample, ""id:n0k9mGk7pnxk""]",received,Available,order90,standard desalting,checked,10mM HEPES,200.0,GATCAGTCTGCTGATC,TETNNN615,,,394.8,79,1,1
TETNNN1847,"Object[Sample, ""id:R8e1PjenwNj7""]",received,Available,order90,standard desalting,checked,10mM HEPES,200.0,GATCTCAGTGGAGATC,TETNNN1847,,,319.7,64,1,1
TETNNN707,"Object[Sample, ""id:8qZ1VWZrnpvL""]",received,Available,order90,standard desalting,checked,10mM HEPES,200.0,GATCAGGAAGCTGATC,TETNNN707,,,335.9,67,1,1
TETNNN621,"Object[Sample, ""id:mnk9jOkYenaR""]",received,Available,order90,standard desalting,checked,10mM HEPES,200.0,GATCAGTCGTCTGATC,TETNNN621,,,304.9,61,1,1
TETNNN2364,"Object[Sample, ""id:pZx9jox3VZmP""]",received,Available,order90,standard desalting,checked,10mM HEPES,200.0,GATCGTAGGAACGATC,TETNNN2364,,,298.1,60,1,1
TETNNN2229,"Object[Sample, ""id:XnlV5jlpw7DZ""]",received,Available,order90,standard desalting,checked,10mM HEPES,200.0,GATCGACGTTTCGATC,TETNNN2229,,,321.0,64,1,1
TETNNN757,"Object[Sample, ""id:XnlV5jlpw7Ab""]",received,Available,order90,standard desalting,checked,10mM HEPES,200.0,GATCAGGGTTCTGATC,TETNNN757,,,317.7,64,1,1
TETNNN2253,"Object[Sample, ""id:R8e1PjenwWoK""]",received,Available,order90,standard desalting,checked,10mM HEPES,200.0,GATCGAGAGTTCGATC,TETNNN2253,,,334.9,67,1,1
TETNNN1781,"Object[Sample, ""id:BYDOjvDpqWxl""]",received,Available,order90,standard desalting,checked,10mM HEPES,200.0,GATCTGGGTTCAGATC,TETNNN1781,,,391.6,78,1,1
TETNNN2108,"Object[Sample, ""id:P5ZnEjZXwJzk""]",received,Available,order90,standard desalting,checked,10mM HEPES,200.0,GATCGAAGGATCGATC,TETNNN2108,,,319.6,64,1,1
TETNNN1696,"Object[Sample, ""id:O81aEB1V3Ke1""]",received,Available,order90,standard desalting,checked,10mM HEPES,200.0,GATCTGCCAACAGATC,TETNNN1696,,,360.0,72,1,1
TETNNN2082,"Object[Sample, ""id:01G6nvGjzBzr""]",received,Available,order90,standard desalting,checked,10mM HEPES,200.0,GATCGAACACTCGATC,TETNNN2082,,,263.5,53,1,1
TETNNN3186,"Object[Sample, ""id:Y0lXejl4WJYm""]",received,Available,order90,standard desalting,checked,10mM HEPES,200.0,GATCCATGACTGGATC,TETNNN3186,,,349.9,70,1,1
TETNNN2099,"Object[Sample, ""id:1ZA60vAmlBpw""]",received,Available,order90,standard desalting,checked,10mM HEPES,200.0,GATCGAAGAGTCGATC,TETNNN2099,,,345.8,69,1,1
TETNNN1570,"Object[Sample, ""id:7X104v183BEd""]",received,Available,order90,standard desalting,checked,10mM HEPES,200.0,GATCTGACACCAGATC,TETNNN1570,,,321.2,64,1,1
HP001,"Object[Sample, ""id:8qZ1VWZrMDDL""]",received,Available,test_hp1,standard desalting,checked,10mM HEPES,200.0,ATCCGCTATAGCGGAT,HP001,,,311.0,62,1,1
HP002,"Object[Sample, ""id:kEJ9mqJk34qp""]",received,Available,test_hp1,standard desalting,checked,10mM HEPES,200.0,GCCCTCTAACGAGGGC,HP002,,,317.0,63,1,1
HP003,"Object[Sample, ""id:01G6nvGj7kEr""]",received,Available,test_hp1,standard desalting,checked,10mM HEPES,200.0,CTTACCGTGTGGTAAG,HP003,,,261.8,52,1,1
HP004,"Object[Sample, ""id:4pO6dMOok5P5""]",received,Available,test_hp1,standard desalting,checked,10mM HEPES,200.0,GACTGCCGATGCAGTC,HP004,,,307.9,62,1,1
HP005,"Object[Sample, ""id:Y0lXejl46l7E""]",received,Available,test_hp1,standard desalting,checked,10mM HEPES,200.0,ATTCGATGGGTCGAAT,HP005,,,248.3,50,1,1
HP006,"Object[Sample, ""id:AEqRl9qezq1a""]",received,Available,test_hp1,standard desalting,checked,10mM HEPES,200.0,GCAGGGATGGCCCTGC,HP006,,,254.4,51,1,1
HP007,"Object[Sample, ""id:qdkmxzkEoGxx""]",received,Available,test_hp1,standard desalting,checked,10mM HEPES,200.0,GTATATGAGTATATAC,HP007,,,275.8,55,1,1
HP008,"Object[Sample, ""id:o1k9jAkEJEmA""]",received,Available,test_hp1,standard desalting,checked,10mM HEPES,200.0,CGACTGGACTCAGTCG,HP008,,,361.8,72,1,1
HP009,"Object[Sample, ""id:6V0npv09EMnV""]",received,Available,test_hp1,standard desalting,checked,10mM HEPES,200.0,AACTTCGTACGAAGTT,HP009,,,246.9,49,1,1
HP010,"Object[Sample, ""id:E8zoYvz5k99v""]",received,Available,test_hp1,standard desalting,checked,10mM HEPES,200.0,GCTTTCAATCGAAAGC,HP010,,,294.5,59,1,1
HP011,"Object[Sample, ""id:BYDOjvDpNo0q""]",received,Available,test_hp1,standard desalting,checked,10mM HEPES,200.0,CAAGACCTCCGTCTTG,HP011,,,308.9,62,1,1
HP012,"Object[Sample, ""id:pZx9jox3zjbe""]",received,Available,test_hp1,standard desalting,checked,10mM HEPES,200.0,ATCGGCGTTAGCCGAT,HP012,,,289.2,58,1,1
HP013,"Object[Sample, ""id:rea9jla8pjk5""]",received,Available,test_hp1,standard desalting,checked,10mM HEPES,200.0,AAAGGTGGCTACCTTT,HP013,,,333.8,67,1,1
HP014,"Object[Sample, ""id:BYDOjvDpNaPk""]",received,Available,test_hp1,standard desalting,checked,10mM HEPES,200.0,GTAGAAGAGCTTCTAC,HP014,,,289.0,58,1,1
HP015,"Object[Sample, ""id:4pO6dMOokr87""]",received,Available,test_hp1,standard desalting,checked,10mM HEPES,200.0,CAATCTCGGTAGATTG,HP015,,,277.3,55,1,1
HP016,"Object[Sample, ""id:D8KAEvKVxJ0b""]",received,Available,test_hp1,standard desalting,checked,10mM HEPES,200.0,GAGTACCAACGTACTC,HP016,,,293.3,59,1,1
HP017,"Object[Sample, ""id:J8AY5jAZ130E""]",received,Available,test_hp1,standard desalting,checked,10mM HEPES,200.0,TTACCCGCCAGGGTAA,HP017,,,295.5,59,1,1
HP018,"Object[Sample, ""id:dORYzZRrVMLp""]",received,Available,test_hp1,standard desalting,checked,10mM HEPES,200.0,GCCAGGACCACCTGGC,HP018,,,340.3,68,1,1
HP019,"Object[Sample, ""id:E8zoYvz5knav""]",received,Available,test_hp1,standard desalting,checked,10mM HEPES,200.0,AAGGCTATTCAGCCTT,HP019,,,340.1,68,1,1
HP020,"Object[Sample, ""id:o1k9jAkEJMLG""]",received,Available,test_hp1,standard desalting,checked,10mM HEPES,200.0,CGCATTGGCAAATGCG,HP020,,,323.0,65,1,1
HP021,"Object[Sample, ""id:bq9LA09Oxo56""]",received,Available,test_hp1,standard desalting,checked,10mM HEPES,200.0,CCAAATCAGTATTTGG,HP021,,,309.6,62,1,1
HP022,"Object[Sample, ""id:E8zoYvz5kmla""]",received,Available,test_hp1,standard desalting,checked,10mM HEPES,200.0,TTGACGACATCGTCAA,HP022,,,377.6,76,1,1
HP023,"Object[Sample, ""id:Z1lqpMl56YL0""]",received,Available,test_hp1,standard desalting,checked,10mM HEPES,200.0,GGGAGGATGACCTCCC,HP023,,,300.9,60,1,1
HP024,"Object[Sample, ""id:P5ZnEjZXVqOW""]",received,Available,test_hp1,standard desalting,checked,10mM HEPES,200.0,GTGAGGTCTTCCTCAC,HP024,,,361.1,72,1,1
HP025,"Object[Sample, ""id:GmzlKjznkEnN""]",received,Available,test_hp1,standard desalting,checked,10mM HEPES,200.0,GCCAGATAACTCTGGC,HP025,,,354.6,71,1,1
HP026,"Object[Sample, ""id:01G6nvGj7rOD""]",received,Available,test_hp1,standard desalting,checked,10mM HEPES,200.0,AACTCCAATCGGAGTT,HP026,,,335.9,67,1,1
HP027,"Object[Sample, ""id:AEqRl9qezpv1""]",received,Available,test_hp1,standard desalting,checked,10mM HEPES,200.0,GGCCGTCAACACGGCC,HP027,,,314.9,63,1,1
HP028,"Object[Sample, ""id:o1k9jAkEJ77x""]",received,Available,test_hp1,standard desalting,checked,10mM HEPES,200.0,GATTTGGTAGCAAATC,HP028,,,520.7,104,1,1
HP029,"Object[Sample, ""id:01G6nvGj7ZPr""]",received,Available,test_hp1,standard desalting,checked,10mM HEPES,200.0,GCGAAGGACACTTCGC,HP029,,,341.6,68,1,1
HP030,"Object[Sample, ""id:dORYzZRrVEZb""]",received,Available,test_hp1,standard desalting,checked,10mM HEPES,200.0,GATAGCGTTTGCTATC,HP030,,,395.4,79,1,1
HP031,"Object[Sample, ""id:bq9LA09Ox7j6""]",received,Available,test_hp1,standard desalting,checked,10mM HEPES,200.0,GGATCTTGGTAGATCC,HP031,,,368.2,74,1,1
HP032,"Object[Sample, ""id:8qZ1VWZrM8WL""]",received,Available,test_hp1,standard desalting,checked,10mM HEPES,200.0,GGTCTTGCGAAAGACC,HP032,,,320.6,64,1,1
HP033,"Object[Sample, ""id:xRO9n3OeVA8z""]",received,Available,test_hp1,standard desalting,checked,10mM HEPES,200.0,AAACAAACGGTTGTTT,HP033,,,361.9,72,1,1
HP034,"Object[Sample, ""id:kEJ9mqJk30VL""]",received,Available,test_hp1,standard desalting,checked,10mM HEPES,200.0,GATAACGATAGTTATC,HP034,,,306.1,61,1,1
HP035,"Object[Sample, ""id:BYDOjvDpNbaq""]",received,Available,test_hp1,standard desalting,checked,10mM HEPES,200.0,CCCGAAAGTGTTCGGG,HP035,,,463.8,93,1,1
HP036,"Object[Sample, ""id:3em6Zvm7Dodv""]",received,Available,test_hp1,standard desalting,checked,10mM HEPES,200.0,GGTGTTGGGCAACACC,HP036,,,553.3,111,1,1
HP037,"Object[Sample, ""id:dORYzZRrV67E""]",received,Available,test_hp1,standard desalting,checked,10mM HEPES,200.0,ATAACATCTCTGTTAT,HP037,,,326.9,65,1,1
HP038,"Object[Sample, ""id:BYDOjvDpN53X""]",received,Available,test_hp1,standard desalting,checked,10mM HEPES,200.0,CGTGCTTGGCAGCACG,HP038,,,349.7,70,1,1
HP039,"Object[Sample, ""id:AEqRl9qez0N6""]",received,Available,test_hp1,standard desalting,checked,10mM HEPES,200.0,GGGAACTACAGTTCCC,HP039,,,285.1,57,1,1
HP040,"Object[Sample, ""id:rea9jla8pGDb""]",received,Available,test_hp1,standard desalting,checked,10mM HEPES,200.0,CCATTCGCCGGAATGG,HP040,,,478.2,96,1,1
HP041,"Object[Sample, ""id:Vrbp1jbdDnZW""]",received,Available,test_hp1,standard desalting,checked,10mM HEPES,200.0,ATCGTAATGATACGAT,HP041,,,261.2,52,1,1
HP042,"Object[Sample, ""id:R8e1Pjenkv5j""]",received,Available,test_hp1,standard desalting,checked,10mM HEPES,200.0,CTAGATATGCATCTAG,HP042,,,320.3,64,1,1
HP043,"Object[Sample, ""id:mnk9jOkY3Xxl""]",received,Available,test_hp1,standard desalting,checked,10mM HEPES,200.0,CGACCGTAATCGGTCG,HP043,,,350.5,70,1,1
HP044,"Object[Sample, ""id:Y0lXejl4GmLm""]",received,Available,test_hp1,standard desalting,checked,10mM HEPES,200.0,GCCGTAAGCCTACGGC,HP044,,,334.9,67,1,1
HP045,"Object[Sample, ""id:mnk9jOkY3XLm""]",received,Available,test_hp1,standard desalting,checked,10mM HEPES,200.0,GGGCTAGGCCTAGCCC,HP045,,,512.5,103,1,1
HP046,"Object[Sample, ""id:dORYzZRrn50G""]",received,Available,test_hp1,standard desalting,checked,10mM HEPES,200.0,GCTCCGGTTACGGAGC,HP046,,,345.9,69,1,1
HP047,"Object[Sample, ""id:J8AY5jAZwqvK""]",received,Available,test_hp1,standard desalting,checked,10mM HEPES,200.0,CAGAGCCAGAGCTCTG,HP047,,,326.3,65,1,1
HP048,"Object[Sample, ""id:qdkmxzkE0J80""]",received,Available,test_hp1,standard desalting,checked,10mM HEPES,200.0,GACCACACTTGTGGTC,HP048,,,351.5,70,1,1