,Unnamed: 0,Length (bp),sodium,DNA_conc,seq,Tm,Predicted Tm (Â°C),RefSeq,rev,TargetStruct
DP0,0,16,0.12,5e-06,AAAAAAAGCTTTTTTT,44.0,42.16,"['AAAAAAAGCTTTTTTT', 'AAAAAAAGCTTTTTTT']",AAAAAAAGCTTTTTTT,((((((((((((((((+))))))))))))))))
DP1,1,16,0.12,7.4e-06,AACGTGAATTCTGGCA,58.3,57.21,"['AACGTGAATTCTGGCA', 'TGCCAGAATTCACGTT']",TGCCAGAATTCACGTT,((((((((((((((((+))))))))))))))))
DP2,2,16,1.0,1.8e-05,CAACTTGATATTAATA,52.0,55.66,"['CAACTTGATATTAATA', 'TATTAATATCAAGTTG']",TATTAATATCAAGTTG,((((((((((((((((+))))))))))))))))
DP3,3,16,1.0,0.0001,CATATTGGCCAATATG,65.3,64.53,"['CATATTGGCCAATATG', 'CATATTGGCCAATATG']",CATATTGGCCAATATG,((((((((((((((((+))))))))))))))))
DP4,4,17,0.1,4e-06,CTCGTACCTTCCGGTCC,60.6,63.05,"['CTCGTACCTTCCGGTCC', 'GGACCGGAAGGTACGAG']",GGACCGGAAGGTACGAG,(((((((((((((((((+)))))))))))))))))
DP5,5,20,0.12,5e-06,AAAAAAAAAGCTTTTTTTTT,51.0,45.2,"['AAAAAAAAAGCTTTTTTTTT', 'AAAAAAAAAGCTTTTTTTTT']",AAAAAAAAAGCTTTTTTTTT,((((((((((((((((((((+))))))))))))))))))))
DP6,6,20,1.0,2e-06,AGAAGGGAGAGAAAAAGAAA,61.9,65.19,"['AGAAGGGAGAGAAAAAGAAA', 'TTTCTTTTTCTCTCCCTTCT']",TTTCTTTTTCTCTCCCTTCT,((((((((((((((((((((+))))))))))))))))))))
DP7,7,20,0.07,2e-06,TATGTATATTTTGTAATCAG,44.4,46.12,"['TATGTATATTTTGTAATCAG', 'CTGATTACAAAATATACATA']",CTGATTACAAAATATACATA,((((((((((((((((((((+))))))))))))))))))))
DP8,8,20,0.62,2e-06,TATGTATATTTTGTAATCAG,57.6,56.94,"['TATGTATATTTTGTAATCAG', 'CTGATTACAAAATATACATA']",CTGATTACAAAATATACATA,((((((((((((((((((((+))))))))))))))))))))
DP9,9,20,0.12,2e-06,TTCAAGTTAAACATTCTATC,49.5,50.64,"['TTCAAGTTAAACATTCTATC', 'GATAGAATGTTTAACTTGAA']",GATAGAATGTTTAACTTGAA,((((((((((((((((((((+))))))))))))))))))))
DP10,10,20,1.02,2e-06,TTCAAGTTAAACATTCTATC,61.5,61.25,"['TTCAAGTTAAACATTCTATC', 'GATAGAATGTTTAACTTGAA']",GATAGAATGTTTAACTTGAA,((((((((((((((((((((+))))))))))))))))))))
DP11,11,20,0.22,2e-06,TGATTCTACCTATGTGATTT,57.4,57.32,"['TGATTCTACCTATGTGATTT', 'AAATCACATAGGTAGAATCA']",AAATCACATAGGTAGAATCA,((((((((((((((((((((+))))))))))))))))))))
DP12,12,20,0.07,2e-06,GAGATTGTTTCCCTTTCAAA,49.3,51.64,"['GAGATTGTTTCCCTTTCAAA', 'TTTGAAAGGGAAACAATCTC']",TTTGAAAGGGAAACAATCTC,((((((((((((((((((((+))))))))))))))))))))
DP13,13,20,0.12,2e-06,GAGATTGTTTCCCTTTCAAA,52.8,54.31,"['GAGATTGTTTCCCTTTCAAA', 'TTTGAAAGGGAAACAATCTC']",TTTGAAAGGGAAACAATCTC,((((((((((((((((((((+))))))))))))))))))))
DP14,14,20,0.22,2e-06,GAGATTGTTTCCCTTTCAAA,57.6,57.32,"['GAGATTGTTTCCCTTTCAAA', 'TTTGAAAGGGAAACAATCTC']",TTTGAAAGGGAAACAATCTC,((((((((((((((((((((+))))))))))))))))))))
DP15,15,20,0.62,2e-06,GAGATTGTTTCCCTTTCAAA,62.6,62.46,"['GAGATTGTTTCCCTTTCAAA', 'TTTGAAAGGGAAACAATCTC']",TTTGAAAGGGAAACAATCTC,((((((((((((((((((((+))))))))))))))))))))
DP16,16,20,1.02,2e-06,GAGATTGTTTCCCTTTCAAA,65.3,64.93,"['GAGATTGTTTCCCTTTCAAA', 'TTTGAAAGGGAAACAATCTC']",TTTGAAAGGGAAACAATCTC,((((((((((((((((((((+))))))))))))))))))))
DP17,17,20,0.07,2e-06,CCACTATACCATCTATGTAC,51.1,54.58,"['CCACTATACCATCTATGTAC', 'GTACATAGATGGTATAGTGG']",GTACATAGATGGTATAGTGG,((((((((((((((((((((+))))))))))))))))))))
DP18,18,20,1.02,2e-06,CCACTATACCATCTATGTAC,64.4,67.87,"['CCACTATACCATCTATGTAC', 'GTACATAGATGGTATAGTGG']",GTACATAGATGGTATAGTGG,((((((((((((((((((((+))))))))))))))))))))
DP19,19,20,0.22,2e-06,CCATCATTGTGTCTACCTCA,63.1,62.46,"['CCATCATTGTGTCTACCTCA', 'TGAGGTAGACACAATGATGG']",TGAGGTAGACACAATGATGG,((((((((((((((((((((+))))))))))))))))))))
DP20,20,20,0.62,2e-06,CCATCATTGTGTCTACCTCA,67.3,67.6,"['CCATCATTGTGTCTACCTCA', 'TGAGGTAGACACAATGATGG']",TGAGGTAGACACAATGATGG,((((((((((((((((((((+))))))))))))))))))))
DP21,21,20,1.02,2e-06,CGGGACCAACTAAAGGAAAT,68.5,69.7,"['CGGGACCAACTAAAGGAAAT', 'ATTTCCTTTAGTTGGTCCCG']",ATTTCCTTTAGTTGGTCCCG,((((((((((((((((((((+))))))))))))))))))))
DP22,22,20,0.22,2e-06,TAGTGGCGATTAGATTCTGC,64.8,62.83,"['TAGTGGCGATTAGATTCTGC', 'GCAGAATCTAATCGCCACTA']",GCAGAATCTAATCGCCACTA,((((((((((((((((((((+))))))))))))))))))))
DP23,23,20,1.02,2e-06,TAGTGGCGATTAGATTCTGC,71.2,70.44,"['TAGTGGCGATTAGATTCTGC', 'GCAGAATCTAATCGCCACTA']",GCAGAATCTAATCGCCACTA,((((((((((((((((((((+))))))))))))))))))))
DP24,24,20,0.07,2e-06,AGCTGCAGTGGATGTGAGAA,59.7,60.46,"['AGCTGCAGTGGATGTGAGAA', 'TTCTCACATCCACTGCAGCT']",TTCTCACATCCACTGCAGCT,((((((((((((((((((((+))))))))))))))))))))
DP25,25,20,0.62,2e-06,AGCTGCAGTGGATGTGAGAA,71.3,71.28,"['AGCTGCAGTGGATGTGAGAA', 'TTCTCACATCCACTGCAGCT']",TTCTCACATCCACTGCAGCT,((((((((((((((((((((+))))))))))))))))))))
DP26,26,20,0.07,2e-06,TACTTCCAGTGCTCAGCGTA,60.3,60.09,"['TACTTCCAGTGCTCAGCGTA', 'TACGCTGAGCACTGGAAGTA']",TACGCTGAGCACTGGAAGTA,((((((((((((((((((((+))))))))))))))))))))
DP27,27,20,0.22,2e-06,TACTTCCAGTGCTCAGCGTA,67.7,65.77,"['TACTTCCAGTGCTCAGCGTA', 'TACGCTGAGCACTGGAAGTA']",TACGCTGAGCACTGGAAGTA,((((((((((((((((((((+))))))))))))))))))))
DP28,28,20,0.07,2e-06,CAGTGAGACAGCAATGGTCG,59.8,60.09,"['CAGTGAGACAGCAATGGTCG', 'CGACCATTGCTGTCTCACTG']",CGACCATTGCTGTCTCACTG,((((((((((((((((((((+))))))))))))))))))))
DP29,29,20,0.12,2e-06,CAGTGAGACAGCAATGGTCG,63.5,62.76,"['CAGTGAGACAGCAATGGTCG', 'CGACCATTGCTGTCTCACTG']",CGACCATTGCTGTCTCACTG,((((((((((((((((((((+))))))))))))))))))))
DP30,30,20,0.22,2e-06,CAGTGAGACAGCAATGGTCG,67.0,65.77,"['CAGTGAGACAGCAATGGTCG', 'CGACCATTGCTGTCTCACTG']",CGACCATTGCTGTCTCACTG,((((((((((((((((((((+))))))))))))))))))))
DP31,31,20,0.62,2e-06,CAGTGAGACAGCAATGGTCG,71.1,70.91,"['CAGTGAGACAGCAATGGTCG', 'CGACCATTGCTGTCTCACTG']",CGACCATTGCTGTCTCACTG,((((((((((((((((((((+))))))))))))))))))))
DP32,32,20,1.02,2e-06,CAGTGAGACAGCAATGGTCG,72.5,73.38,"['CAGTGAGACAGCAATGGTCG', 'CGACCATTGCTGTCTCACTG']",CGACCATTGCTGTCTCACTG,((((((((((((((((((((+))))))))))))))))))))
DP33,33,20,0.62,2e-06,CGAGCTTATCCCTATCCCTC,68.5,70.54,"['CGAGCTTATCCCTATCCCTC', 'GAGGGATAGGGATAAGCTCG']",GAGGGATAGGGATAAGCTCG,((((((((((((((((((((+))))))))))))))))))))
DP34,34,20,0.22,2e-06,CGTACTAGCGTTGGTCATGG,66.6,66.14,"['CGTACTAGCGTTGGTCATGG', 'CCATGACCAACGCTAGTACG']",CCATGACCAACGCTAGTACG,((((((((((((((((((((+))))))))))))))))))))
DP35,35,20,0.07,2e-06,AAGGCGAGTCAGGCTCAGTG,64.5,63.4,"['AAGGCGAGTCAGGCTCAGTG', 'CACTGAGCCTGACTCGCCTT']",CACTGAGCCTGACTCGCCTT,((((((((((((((((((((+))))))))))))))))))))
DP36,36,20,1.02,2e-06,AAGGCGAGTCAGGCTCAGTG,76.3,76.69,"['AAGGCGAGTCAGGCTCAGTG', 'CACTGAGCCTGACTCGCCTT']",CACTGAGCCTGACTCGCCTT,((((((((((((((((((((+))))))))))))))))))))
DP37,37,20,0.12,2e-06,ACCGACGACGCTGATCCGAT,69.1,68.28,"['ACCGACGACGCTGATCCGAT', 'ATCGGATCAGCGTCGTCGGT']",ATCGGATCAGCGTCGTCGGT,((((((((((((((((((((+))))))))))))))))))))
DP38,38,20,0.12,2e-06,AGCAGTCCGCCACACCCTGA,69.9,69.75,"['AGCAGTCCGCCACACCCTGA', 'TCAGGGTGTGGCGGACTGCT']",TCAGGGTGTGGCGGACTGCT,((((((((((((((((((((+))))))))))))))))))))
DP39,39,20,0.22,2e-06,AGCAGTCCGCCACACCCTGA,74.0,72.75,"['AGCAGTCCGCCACACCCTGA', 'TCAGGGTGTGGCGGACTGCT']",TCAGGGTGTGGCGGACTGCT,((((((((((((((((((((+))))))))))))))))))))
DP40,40,20,0.62,2e-06,CAGCCTCGTTCGCACAGCCC,77.7,77.89,"['CAGCCTCGTTCGCACAGCCC', 'GGGCTGTGCGAACGAGGCTG']",GGGCTGTGCGAACGAGGCTG,((((((((((((((((((((+))))))))))))))))))))
DP41,41,20,1.02,2e-06,GTGGTGGGCCGTGCGCTCTG,81.0,82.93,"['GTGGTGGGCCGTGCGCTCTG', 'CAGAGCGCACGGCCCACCAC']",CAGAGCGCACGGCCCACCAC,((((((((((((((((((((+))))))))))))))))))))
DP42,42,20,0.07,2e-06,GTCCACGCCCGGTGCGACGG,70.9,71.85,"['GTCCACGCCCGGTGCGACGG', 'CCGTCGCACCGGGCGTGGAC']",CCGTCGCACCGGGCGTGGAC,((((((((((((((((((((+))))))))))))))))))))
DP43,43,22,0.12,3.3e-06,AATATATATAGAGTGCGCGCAA,64.1,60.22,"['AATATATATAGAGTGCGCGCAA', 'TTGCGCGCACTCTATATATATT']",TTGCGCGCACTCTATATATATT,((((((((((((((((((((((+))))))))))))))))))))))
DP44,44,22,0.12,4.1e-06,ACTGGCGAGGATCCAGCGGTCA,71.8,71.44,"['ACTGGCGAGGATCCAGCGGTCA', 'TGACCGCTGGATCCTCGCCAGT']",TGACCGCTGGATCCTCGCCAGT,((((((((((((((((((((((+))))))))))))))))))))))
DP45,45,22,0.12,5.8e-06,ATAAATTAGGATCCATATAAAT,47.7,52.37,"['ATAAATTAGGATCCATATAAAT', 'ATTTATATGGATCCTAATTTAT']",ATTTATATGGATCCTAATTTAT,((((((((((((((((((((((+))))))))))))))))))))))
DP46,46,22,0.12,5.3e-06,GCGGGCGAGGATCCAGCGCGCG,77.2,78.01,"['GCGGGCGAGGATCCAGCGCGCG', 'CGCGCGCTGGATCCTCGCCCGC']",CGCGCGCTGGATCCTCGCCCGC,((((((((((((((((((((((+))))))))))))))))))))))
DP47,47,22,0.12,5.9e-06,AACGCCGGTAGAGTGCGCGCAA,79.1,72.43,"['AACGCCGGTAGAGTGCGCGCAA', 'TTGCGCGCACTCTACCGGCGTT']",TTGCGCGCACTCTACCGGCGTT,((((((((((((((((((((((+))))))))))))))))))))))
DP48,48,22,0.15,1.1e-06,GATGACGCTAGCTAGCTAGGAC,64.0,66.03,"['GATGACGCTAGCTAGCTAGGAC', 'GTCCTAGCTAGCTAGCGTCATC']",GTCCTAGCTAGCTAGCGTCATC,((((((((((((((((((((((+))))))))))))))))))))))
DP49,49,24,0.12,4.4e-06,AATATATATGAATTCTAATTATAA,46.2,49.23,"['AATATATATGAATTCTAATTATAA', 'TTATAATTAGAATTCATATATATT']",TTATAATTAGAATTCATATATATT,((((((((((((((((((((((((+))))))))))))))))))))))))
DP50,50,25,0.1,1e-06,GTAGAATTCTTTTCCTTCTAGATCG,62.0,56.95,"['GTAGAATTCTTTTCCTTCTAGATCG', 'CGATCTAGAAGGAAAAGAATTCTAC']",CGATCTAGAAGGAAAAGAATTCTAC,(((((((((((((((((((((((((+)))))))))))))))))))))))))
DP51,51,25,0.07,2e-06,ATAACTTTACGTGTGTGACCTATTA,56.6,57.27,"['ATAACTTTACGTGTGTGACCTATTA', 'TAATAGGTCACACACGTAAAGTTAT']",TAATAGGTCACACACGTAAAGTTAT,(((((((((((((((((((((((((+)))))))))))))))))))))))))
DP52,52,25,0.12,2e-06,ATAACTTTACGTGTGTGACCTATTA,60.7,59.94,"['ATAACTTTACGTGTGTGACCTATTA', 'TAATAGGTCACACACGTAAAGTTAT']",TAATAGGTCACACACGTAAAGTTAT,(((((((((((((((((((((((((+)))))))))))))))))))))))))
DP53,53,25,0.22,2e-06,ATAACTTTACGTGTGTGACCTATTA,64.7,62.95,"['ATAACTTTACGTGTGTGACCTATTA', 'TAATAGGTCACACACGTAAAGTTAT']",TAATAGGTCACACACGTAAAGTTAT,(((((((((((((((((((((((((+)))))))))))))))))))))))))
DP54,54,25,0.62,2e-06,ATAACTTTACGTGTGTGACCTATTA,69.6,68.09,"['ATAACTTTACGTGTGTGACCTATTA', 'TAATAGGTCACACACGTAAAGTTAT']",TAATAGGTCACACACGTAAAGTTAT,(((((((((((((((((((((((((+)))))))))))))))))))))))))
DP55,55,25,1.02,2e-06,ATAACTTTACGTGTGTGACCTATTA,71.8,70.56,"['ATAACTTTACGTGTGTGACCTATTA', 'TAATAGGTCACACACGTAAAGTTAT']",TAATAGGTCACACACGTAAAGTTAT,(((((((((((((((((((((((((+)))))))))))))))))))))))))
DP56,56,25,0.62,2e-06,CCCTGCACTTTAACTGAATTGTTTA,70.1,67.8,"['CCCTGCACTTTAACTGAATTGTTTA', 'TAAACAATTCAGTTAAAGTGCAGGG']",TAAACAATTCAGTTAAAGTGCAGGG,(((((((((((((((((((((((((+)))))))))))))))))))))))))
DP57,57,25,1.02,2e-06,CCCTGCACTTTAACTGAATTGTTTA,72.5,70.26,"['CCCTGCACTTTAACTGAATTGTTTA', 'TAAACAATTCAGTTAAAGTGCAGGG']",TAAACAATTCAGTTAAAGTGCAGGG,(((((((((((((((((((((((((+)))))))))))))))))))))))))
DP58,58,25,0.22,2e-06,TAACCATACTGAATACCTTTTGACG,64.3,62.95,"['TAACCATACTGAATACCTTTTGACG', 'CGTCAAAAGGTATTCAGTATGGTTA']",CGTCAAAAGGTATTCAGTATGGTTA,(((((((((((((((((((((((((+)))))))))))))))))))))))))
DP59,59,25,1.02,2e-06,TAACCATACTGAATACCTTTTGACG,71.3,70.56,"['TAACCATACTGAATACCTTTTGACG', 'CGTCAAAAGGTATTCAGTATGGTTA']",CGTCAAAAGGTATTCAGTATGGTTA,(((((((((((((((((((((((((+)))))))))))))))))))))))))
DP60,60,25,0.22,2e-06,TCCACACGGTAGTAAAATTAGGCTT,67.3,65.89,"['TCCACACGGTAGTAAAATTAGGCTT', 'AAGCCTAATTTTACTACCGTGTGGA']",AAGCCTAATTTTACTACCGTGTGGA,(((((((((((((((((((((((((+)))))))))))))))))))))))))
DP61,61,25,0.62,2e-06,TCCACACGGTAGTAAAATTAGGCTT,71.8,71.03,"['TCCACACGGTAGTAAAATTAGGCTT', 'AAGCCTAATTTTACTACCGTGTGGA']",AAGCCTAATTTTACTACCGTGTGGA,(((((((((((((((((((((((((+)))))))))))))))))))))))))
DP62,62,25,0.12,2e-06,TTCCAAAAGGAGTTATGAGTTGCGA,63.0,62.0,"['TTCCAAAAGGAGTTATGAGTTGCGA', 'TCGCAACTCATAACTCCTTTTGGAA']",TCGCAACTCATAACTCCTTTTGGAA,(((((((((((((((((((((((((+)))))))))))))))))))))))))
DP63,63,25,1.02,2e-06,TTCCAAAAGGAGTTATGAGTTGCGA,73.8,72.62,"['TTCCAAAAGGAGTTATGAGTTGCGA', 'TCGCAACTCATAACTCCTTTTGGAA']",TCGCAACTCATAACTCCTTTTGGAA,(((((((((((((((((((((((((+)))))))))))))))))))))))))
DP64,64,25,0.12,2e-06,AATATCTCTCATGCGCCAAGCTACA,65.7,64.94,"['AATATCTCTCATGCGCCAAGCTACA', 'TGTAGCTTGGCGCATGAGAGATATT']",TGTAGCTTGGCGCATGAGAGATATT,(((((((((((((((((((((((((+)))))))))))))))))))))))))
DP65,65,25,0.62,2e-06,AATATCTCTCATGCGCCAAGCTACA,75.1,73.09,"['AATATCTCTCATGCGCCAAGCTACA', 'TGTAGCTTGGCGCATGAGAGATATT']",TGTAGCTTGGCGCATGAGAGATATT,(((((((((((((((((((((((((+)))))))))))))))))))))))))
DP66,66,25,0.12,2e-06,TAGTATATCGCAGCATCATACAGGC,64.7,64.65,"['TAGTATATCGCAGCATCATACAGGC', 'GCCTGTATGATGCTGCGATATACTA']",GCCTGTATGATGCTGCGATATACTA,(((((((((((((((((((((((((+)))))))))))))))))))))))))
DP67,67,25,0.22,2e-06,TAGTATATCGCAGCATCATACAGGC,69.1,67.65,"['TAGTATATCGCAGCATCATACAGGC', 'GCCTGTATGATGCTGCGATATACTA']",GCCTGTATGATGCTGCGATATACTA,(((((((((((((((((((((((((+)))))))))))))))))))))))))
DP68,68,25,0.07,2e-06,TGGATTCTACTCAACCTTAGTCTGG,59.0,60.21,"['TGGATTCTACTCAACCTTAGTCTGG', 'CCAGACTAAGGTTGAGTAGAATCCA']",CCAGACTAAGGTTGAGTAGAATCCA,(((((((((((((((((((((((((+)))))))))))))))))))))))))
DP69,69,25,1.02,2e-06,TGGATTCTACTCAACCTTAGTCTGG,73.6,73.5,"['TGGATTCTACTCAACCTTAGTCTGG', 'CCAGACTAAGGTTGAGTAGAATCCA']",CCAGACTAAGGTTGAGTAGAATCCA,(((((((((((((((((((((((((+)))))))))))))))))))))))))
DP70,70,25,0.07,2e-06,CGGAATCCATGTTACTTCGGCTATC,60.9,61.97,"['CGGAATCCATGTTACTTCGGCTATC', 'GATAGCCGAAGTAACATGGATTCCG']",GATAGCCGAAGTAACATGGATTCCG,(((((((((((((((((((((((((+)))))))))))))))))))))))))
DP71,71,25,0.62,2e-06,CGGAATCCATGTTACTTCGGCTATC,73.3,72.79,"['CGGAATCCATGTTACTTCGGCTATC', 'GATAGCCGAAGTAACATGGATTCCG']",GATAGCCGAAGTAACATGGATTCCG,(((((((((((((((((((((((((+)))))))))))))))))))))))))
DP72,72,25,0.07,2e-06,CTGGTCTGGATCTGAGAACTTCAGG,62.1,62.56,"['CTGGTCTGGATCTGAGAACTTCAGG', 'CCTGAAGTTCTCAGATCCAGACCAG']",CCTGAAGTTCTCAGATCCAGACCAG,(((((((((((((((((((((((((+)))))))))))))))))))))))))
DP73,73,25,0.22,2e-06,CTGGTCTGGATCTGAGAACTTCAGG,69.6,68.24,"['CTGGTCTGGATCTGAGAACTTCAGG', 'CCTGAAGTTCTCAGATCCAGACCAG']",CCTGAAGTTCTCAGATCCAGACCAG,(((((((((((((((((((((((((+)))))))))))))))))))))))))
DP74,74,25,0.07,2e-06,ACAGCGAATGGACCTACGTGGCCTT,68.1,67.85,"['ACAGCGAATGGACCTACGTGGCCTT', 'AAGGCCACGTAGGTCCATTCGCTGT']",AAGGCCACGTAGGTCCATTCGCTGT,(((((((((((((((((((((((((+)))))))))))))))))))))))))
DP75,75,25,0.12,2e-06,ACAGCGAATGGACCTACGTGGCCTT,72.1,70.53,"['ACAGCGAATGGACCTACGTGGCCTT', 'AAGGCCACGTAGGTCCATTCGCTGT']",AAGGCCACGTAGGTCCATTCGCTGT,(((((((((((((((((((((((((+)))))))))))))))))))))))))
DP76,76,25,1.02,2e-06,AGCAAGTCGAGCAGGGCCTACGTTT,81.5,80.85,"['AGCAAGTCGAGCAGGGCCTACGTTT', 'AAACGTAGGCCCTGCTCGACTTGCT']",AAACGTAGGCCCTGCTCGACTTGCT,(((((((((((((((((((((((((+)))))))))))))))))))))))))
DP77,77,25,0.22,2e-06,GCGAGCGACAGGTTACTTGGCTGAT,74.7,72.65,"['GCGAGCGACAGGTTACTTGGCTGAT', 'ATCAGCCAAGTAACCTGTCGCTCGC']",ATCAGCCAAGTAACCTGTCGCTCGC,(((((((((((((((((((((((((+)))))))))))))))))))))))))
DP78,78,25,0.62,2e-06,AAAGGTGTCGCGGAGAGTCGTGCTG,81.2,78.97,"['AAAGGTGTCGCGGAGAGTCGTGCTG', 'CAGCACGACTCTCCGCGACACCTTT']",CAGCACGACTCTCCGCGACACCTTT,(((((((((((((((((((((((((+)))))))))))))))))))))))))
DP79,79,25,0.12,2e-06,ATGGGTGGGAGCCTCGGTAGCAGCC,74.5,74.64,"['ATGGGTGGGAGCCTCGGTAGCAGCC', 'GGCTGCTACCGAGGCTCCCACCCAT']",GGCTGCTACCGAGGCTCCCACCCAT,(((((((((((((((((((((((((+)))))))))))))))))))))))))
DP80,80,25,0.07,2e-06,CAGTGGGCTCCTGGGCGTGCTGGTC,72.0,72.56,"['CAGTGGGCTCCTGGGCGTGCTGGTC', 'GACCAGCACGCCCAGGAGCCCACTG']",GACCAGCACGCCCAGGAGCCCACTG,(((((((((((((((((((((((((+)))))))))))))))))))))))))
DP81,81,25,0.07,2e-06,GCCAACTCCGTCGCCGTTCGTGCGC,73.5,73.44,"['GCCAACTCCGTCGCCGTTCGTGCGC', 'GCGCACGAACGGCGACGGAGTTGGC']",GCGCACGAACGGCGACGGAGTTGGC,(((((((((((((((((((((((((+)))))))))))))))))))))))))
DP82,82,25,0.12,2e-06,GCCAACTCCGTCGCCGTTCGTGCGC,76.5,76.11,"['GCCAACTCCGTCGCCGTTCGTGCGC', 'GCGCACGAACGGCGACGGAGTTGGC']",GCGCACGAACGGCGACGGAGTTGGC,(((((((((((((((((((((((((+)))))))))))))))))))))))))
DP83,83,25,0.22,2e-06,GCCAACTCCGTCGCCGTTCGTGCGC,80.6,79.12,"['GCCAACTCCGTCGCCGTTCGTGCGC', 'GCGCACGAACGGCGACGGAGTTGGC']",GCGCACGAACGGCGACGGAGTTGGC,(((((((((((((((((((((((((+)))))))))))))))))))))))))
DP84,84,25,0.62,2e-06,GCCAACTCCGTCGCCGTTCGTGCGC,83.2,84.26,"['GCCAACTCCGTCGCCGTTCGTGCGC', 'GCGCACGAACGGCGACGGAGTTGGC']",GCGCACGAACGGCGACGGAGTTGGC,(((((((((((((((((((((((((+)))))))))))))))))))))))))
DP85,85,25,1.02,2e-06,GCCAACTCCGTCGCCGTTCGTGCGC,84.6,86.73,"['GCCAACTCCGTCGCCGTTCGTGCGC', 'GCGCACGAACGGCGACGGAGTTGGC']",GCGCACGAACGGCGACGGAGTTGGC,(((((((((((((((((((((((((+)))))))))))))))))))))))))
DP86,86,30,0.07,2e-06,TTATGTATTAAGTTATATAGTAGTAGTAGT,50.7,55.48,"['TTATGTATTAAGTTATATAGTAGTAGTAGT', 'ACTACTACTACTATATAACTTAATACATAA']",ACTACTACTACTATATAACTTAATACATAA,((((((((((((((((((((((((((((((+))))))))))))))))))))))))))))))
DP87,87,30,0.12,2e-06,TTATGTATTAAGTTATATAGTAGTAGTAGT,55.0,58.16,"['TTATGTATTAAGTTATATAGTAGTAGTAGT', 'ACTACTACTACTATATAACTTAATACATAA']",ACTACTACTACTATATAACTTAATACATAA,((((((((((((((((((((((((((((((+))))))))))))))))))))))))))))))
DP88,88,30,0.22,2e-06,TTATGTATTAAGTTATATAGTAGTAGTAGT,59.3,61.16,"['TTATGTATTAAGTTATATAGTAGTAGTAGT', 'ACTACTACTACTATATAACTTAATACATAA']",ACTACTACTACTATATAACTTAATACATAA,((((((((((((((((((((((((((((((+))))))))))))))))))))))))))))))
DP89,89,30,0.62,2e-06,TTATGTATTAAGTTATATAGTAGTAGTAGT,65.1,66.3,"['TTATGTATTAAGTTATATAGTAGTAGTAGT', 'ACTACTACTACTATATAACTTAATACATAA']",ACTACTACTACTATATAACTTAATACATAA,((((((((((((((((((((((((((((((+))))))))))))))))))))))))))))))
DP90,90,30,1.02,2e-06,TTATGTATTAAGTTATATAGTAGTAGTAGT,66.6,68.77,"['TTATGTATTAAGTTATATAGTAGTAGTAGT', 'ACTACTACTACTATATAACTTAATACATAA']",ACTACTACTACTATATAACTTAATACATAA,((((((((((((((((((((((((((((((+))))))))))))))))))))))))))))))
DP91,91,30,1.02,2e-06,CTCAACTTGCGGTAAATAAATCGCTTAATC,75.5,73.92,"['CTCAACTTGCGGTAAATAAATCGCTTAATC', 'GATTAAGCGATTTATTTACCGCAAGTTGAG']",GATTAAGCGATTTATTTACCGCAAGTTGAG,((((((((((((((((((((((((((((((+))))))))))))))))))))))))))))))
DP92,92,30,0.22,2e-06,TATTGAGAACAAGTGTCCGATTAGCAGAAA,69.6,67.29,"['TATTGAGAACAAGTGTCCGATTAGCAGAAA', 'TTTCTGCTAATCGGACACTTGTTCTCAATA']",TTTCTGCTAATCGGACACTTGTTCTCAATA,((((((((((((((((((((((((((((((+))))))))))))))))))))))))))))))
DP93,93,30,0.07,2e-06,GTCATACGACTGAGTGCAACATTGTTCAAA,62.7,63.32,"['GTCATACGACTGAGTGCAACATTGTTCAAA', 'TTTGAACAATGTTGCACTCAGTCGTATGAC']",TTTGAACAATGTTGCACTCAGTCGTATGAC,((((((((((((((((((((((((((((((+))))))))))))))))))))))))))))))
DP94,94,30,0.12,2e-06,GTCATACGACTGAGTGCAACATTGTTCAAA,66.8,66.0,"['GTCATACGACTGAGTGCAACATTGTTCAAA', 'TTTGAACAATGTTGCACTCAGTCGTATGAC']",TTTGAACAATGTTGCACTCAGTCGTATGAC,((((((((((((((((((((((((((((((+))))))))))))))))))))))))))))))
DP95,95,30,0.22,2e-06,GTCATACGACTGAGTGCAACATTGTTCAAA,70.8,69.0,"['GTCATACGACTGAGTGCAACATTGTTCAAA', 'TTTGAACAATGTTGCACTCAGTCGTATGAC']",TTTGAACAATGTTGCACTCAGTCGTATGAC,((((((((((((((((((((((((((((((+))))))))))))))))))))))))))))))
DP96,96,30,0.62,2e-06,GTCATACGACTGAGTGCAACATTGTTCAAA,75.9,74.14,"['GTCATACGACTGAGTGCAACATTGTTCAAA', 'TTTGAACAATGTTGCACTCAGTCGTATGAC']",TTTGAACAATGTTGCACTCAGTCGTATGAC,((((((((((((((((((((((((((((((+))))))))))))))))))))))))))))))
DP97,97,30,1.02,2e-06,GTCATACGACTGAGTGCAACATTGTTCAAA,76.9,76.61,"['GTCATACGACTGAGTGCAACATTGTTCAAA', 'TTTGAACAATGTTGCACTCAGTCGTATGAC']",TTTGAACAATGTTGCACTCAGTCGTATGAC,((((((((((((((((((((((((((((((+))))))))))))))))))))))))))))))
DP98,98,30,0.07,2e-06,CCGTGCGGTGTGTACGTTTTATTCATCATA,63.9,64.79,"['CCGTGCGGTGTGTACGTTTTATTCATCATA', 'TATGATGAATAAAACGTACACACCGCACGG']",TATGATGAATAAAACGTACACACCGCACGG,((((((((((((((((((((((((((((((+))))))))))))))))))))))))))))))
DP99,99,30,0.12,2e-06,CCGTGCGGTGTGTACGTTTTATTCATCATA,68.3,67.47,"['CCGTGCGGTGTGTACGTTTTATTCATCATA', 'TATGATGAATAAAACGTACACACCGCACGG']",TATGATGAATAAAACGTACACACCGCACGG,((((((((((((((((((((((((((((((+))))))))))))))))))))))))))))))
DP100,100,30,0.22,2e-06,CCGTGCGGTGTGTACGTTTTATTCATCATA,71.8,70.47,"['CCGTGCGGTGTGTACGTTTTATTCATCATA', 'TATGATGAATAAAACGTACACACCGCACGG']",TATGATGAATAAAACGTACACACCGCACGG,((((((((((((((((((((((((((((((+))))))))))))))))))))))))))))))
DP101,101,30,0.62,2e-06,CCGTGCGGTGTGTACGTTTTATTCATCATA,76.5,75.61,"['CCGTGCGGTGTGTACGTTTTATTCATCATA', 'TATGATGAATAAAACGTACACACCGCACGG']",TATGATGAATAAAACGTACACACCGCACGG,((((((((((((((((((((((((((((((+))))))))))))))))))))))))))))))
DP102,102,30,1.02,2e-06,CCGTGCGGTGTGTACGTTTTATTCATCATA,77.6,78.08,"['CCGTGCGGTGTGTACGTTTTATTCATCATA', 'TATGATGAATAAAACGTACACACCGCACGG']",TATGATGAATAAAACGTACACACCGCACGG,((((((((((((((((((((((((((((((+))))))))))))))))))))))))))))))
DP103,103,30,0.22,2e-06,AGTCTGGTCTGGATCTGAGAACTTCAGGCT,74.5,73.41,"['AGTCTGGTCTGGATCTGAGAACTTCAGGCT', 'AGCCTGAAGTTCTCAGATCCAGACCAGACT']",AGCCTGAAGTTCTCAGATCCAGACCAGACT,((((((((((((((((((((((((((((((+))))))))))))))))))))))))))))))
DP104,104,30,0.62,2e-06,AGTCTGGTCTGGATCTGAGAACTTCAGGCT,78.8,78.55,"['AGTCTGGTCTGGATCTGAGAACTTCAGGCT', 'AGCCTGAAGTTCTCAGATCCAGACCAGACT']",AGCCTGAAGTTCTCAGATCCAGACCAGACT,((((((((((((((((((((((((((((((+))))))))))))))))))))))))))))))
DP105,105,30,1.02,2e-06,AGTCTGGTCTGGATCTGAGAACTTCAGGCT,80.6,81.02,"['AGTCTGGTCTGGATCTGAGAACTTCAGGCT', 'AGCCTGAAGTTCTCAGATCCAGACCAGACT']",AGCCTGAAGTTCTCAGATCCAGACCAGACT,((((((((((((((((((((((((((((((+))))))))))))))))))))))))))))))
DP106,106,30,0.22,2e-06,TCGGAGAAATCACTGAGCTGCCTGAGAAGA,74.1,72.68,"['TCGGAGAAATCACTGAGCTGCCTGAGAAGA', 'TCTTCTCAGGCAGCTCAGTGATTTCTCCGA']",TCTTCTCAGGCAGCTCAGTGATTTCTCCGA,((((((((((((((((((((((((((((((+))))))))))))))))))))))))))))))
DP107,107,30,0.62,2e-06,TCGGAGAAATCACTGAGCTGCCTGAGAAGA,79.0,77.82,"['TCGGAGAAATCACTGAGCTGCCTGAGAAGA', 'TCTTCTCAGGCAGCTCAGTGATTTCTCCGA']",TCTTCTCAGGCAGCTCAGTGATTTCTCCGA,((((((((((((((((((((((((((((((+))))))))))))))))))))))))))))))
DP108,108,30,0.12,2e-06,CTTCAACGGATCAGGTAGGACTGTGGTGGG,71.7,71.63,"['CTTCAACGGATCAGGTAGGACTGTGGTGGG', 'CCCACCACAGTCCTACCTGATCCGTTGAAG']",CCCACCACAGTCCTACCTGATCCGTTGAAG,((((((((((((((((((((((((((((((+))))))))))))))))))))))))))))))
DP109,109,30,1.02,2e-06,CTTCAACGGATCAGGTAGGACTGTGGTGGG,80.1,82.25,"['CTTCAACGGATCAGGTAGGACTGTGGTGGG', 'CCCACCACAGTCCTACCTGATCCGTTGAAG']",CCCACCACAGTCCTACCTGATCCGTTGAAG,((((((((((((((((((((((((((((((+))))))))))))))))))))))))))))))
DP110,110,30,0.12,2e-06,ACGCCCACAGGATTAGGCTGGCCCACATTG,74.7,74.57,"['ACGCCCACAGGATTAGGCTGGCCCACATTG', 'CAATGTGGGCCAGCCTAATCCTGTGGGCGT']",CAATGTGGGCCAGCCTAATCCTGTGGGCGT,((((((((((((((((((((((((((((((+))))))))))))))))))))))))))))))
DP111,111,30,0.62,2e-06,ACGCCCACAGGATTAGGCTGGCCCACATTG,82.7,82.72,"['ACGCCCACAGGATTAGGCTGGCCCACATTG', 'CAATGTGGGCCAGCCTAATCCTGTGGGCGT']",CAATGTGGGCCAGCCTAATCCTGTGGGCGT,((((((((((((((((((((((((((((((+))))))))))))))))))))))))))))))
DP112,112,30,0.12,2e-06,GTTATTCCGCAGTCCGATGGCAGCAGGCTC,74.9,74.08,"['GTTATTCCGCAGTCCGATGGCAGCAGGCTC', 'GAGCCTGCTGCCATCGGACTGCGGAATAAC']",GAGCCTGCTGCCATCGGACTGCGGAATAAC,((((((((((((((((((((((((((((((+))))))))))))))))))))))))))))))
DP113,113,30,0.22,2e-06,GTTATTCCGCAGTCCGATGGCAGCAGGCTC,78.1,77.09,"['GTTATTCCGCAGTCCGATGGCAGCAGGCTC', 'GAGCCTGCTGCCATCGGACTGCGGAATAAC']",GAGCCTGCTGCCATCGGACTGCGGAATAAC,((((((((((((((((((((((((((((((+))))))))))))))))))))))))))))))
DP114,114,30,0.07,2e-06,TCAGTAGGCGTGACGCAGAGCTGGCGATGG,72.2,73.12,"['TCAGTAGGCGTGACGCAGAGCTGGCGATGG', 'CCATCGCCAGCTCTGCGTCACGCCTACTGA']",CCATCGCCAGCTCTGCGTCACGCCTACTGA,((((((((((((((((((((((((((((((+))))))))))))))))))))))))))))))
DP115,115,30,1.02,2e-06,TCAGTAGGCGTGACGCAGAGCTGGCGATGG,84.6,86.41,"['TCAGTAGGCGTGACGCAGAGCTGGCGATGG', 'CCATCGCCAGCTCTGCGTCACGCCTACTGA']",CCATCGCCAGCTCTGCGTCACGCCTACTGA,((((((((((((((((((((((((((((((+))))))))))))))))))))))))))))))
DP116,116,30,0.07,2e-06,CGCGCCACGTGTGATCTACAGCCGTTCGGC,72.7,74.59,"['CGCGCCACGTGTGATCTACAGCCGTTCGGC', 'GCCGAACGGCTGTAGATCACACGTGGCGCG']",GCCGAACGGCTGTAGATCACACGTGGCGCG,((((((((((((((((((((((((((((((+))))))))))))))))))))))))))))))
DP117,117,30,0.62,2e-06,CGCGCCACGTGTGATCTACAGCCGTTCGGC,83.4,85.41,"['CGCGCCACGTGTGATCTACAGCCGTTCGGC', 'GCCGAACGGCTGTAGATCACACGTGGCGCG']",GCCGAACGGCTGTAGATCACACGTGGCGCG,((((((((((((((((((((((((((((((+))))))))))))))))))))))))))))))
DP118,118,30,0.22,2e-06,GACCTGACGTGGACCGCTCCTGGGCGTGGT,81.5,82.23,"['GACCTGACGTGGACCGCTCCTGGGCGTGGT', 'ACCACGCCCAGGAGCGGTCCACGTCAGGTC']",ACCACGCCCAGGAGCGGTCCACGTCAGGTC,((((((((((((((((((((((((((((((+))))))))))))))))))))))))))))))
DP119,119,30,0.07,2e-06,CGCCGCTGCCGACTGGAGGAGCGCGGGACG,77.8,79.49,"['CGCCGCTGCCGACTGGAGGAGCGCGGGACG', 'CGTCCCGCGCTCCTCCAGTCGGCAGCGGCG']",CGTCCCGCGCTCCTCCAGTCGGCAGCGGCG,((((((((((((((((((((((((((((((+))))))))))))))))))))))))))))))
DP120,120,30,0.12,2e-06,CGCCGCTGCCGACTGGAGGAGCGCGGGACG,81.6,82.17,"['CGCCGCTGCCGACTGGAGGAGCGCGGGACG', 'CGTCCCGCGCTCCTCCAGTCGGCAGCGGCG']",CGTCCCGCGCTCCTCCAGTCGGCAGCGGCG,((((((((((((((((((((((((((((((+))))))))))))))))))))))))))))))
DP121,121,30,0.22,2e-06,CGCCGCTGCCGACTGGAGGAGCGCGGGACG,84.6,85.17,"['CGCCGCTGCCGACTGGAGGAGCGCGGGACG', 'CGTCCCGCGCTCCTCCAGTCGGCAGCGGCG']",CGTCCCGCGCTCCTCCAGTCGGCAGCGGCG,((((((((((((((((((((((((((((((+))))))))))))))))))))))))))))))
DP122,122,30,0.62,2e-06,CGCCGCTGCCGACTGGAGGAGCGCGGGACG,87.7,90.31,"['CGCCGCTGCCGACTGGAGGAGCGCGGGACG', 'CGTCCCGCGCTCCTCCAGTCGGCAGCGGCG']",CGTCCCGCGCTCCTCCAGTCGGCAGCGGCG,((((((((((((((((((((((((((((((+))))))))))))))))))))))))))))))
DP123,123,16,0.12,5e-06,AAATATAGCTATATTT,40.4,44.0,"['AAATATAGCTATATTT', 'AAATATAGCTATATTT']",AAATATAGCTATATTT,((((((((((((((((+))))))))))))))))
DP124,124,16,0.12,6e-06,AATATGAATTCTAATA,41.4,43.24,"['AATATGAATTCTAATA', 'TATTAGAATTCATATT']",TATTAGAATTCATATT,((((((((((((((((+))))))))))))))))
DP125,125,16,0.12,5e-06,ATATATAGCTATATAT,39.1,44.92,"['ATATATAGCTATATAT', 'ATATATAGCTATATAT']",ATATATAGCTATATAT,((((((((((((((((+))))))))))))))))
DP126,126,16,1.0,0.0001,GTATAACCGGTTATAC,65.9,65.91,"['GTATAACCGGTTATAC', 'GTATAACCGGTTATAC']",GTATAACCGGTTATAC,((((((((((((((((+))))))))))))))))
DP127,127,16,0.12,4.4e-05,CGCGCGCGACTGACTG,69.4,69.82,"['CGCGCGCGACTGACTG', 'CAGTCAGTCGCGCGCG']",CAGTCAGTCGCGCGCG,((((((((((((((((+))))))))))))))))
DP128,128,16,0.1,4e-06,CGCAAAAAAAAAACGC,54.1,49.79,"['CGCAAAAAAAAAACGC', 'GCGTTTTTTTTTTGCG']",GCGTTTTTTTTTTGCG,((((((((((((((((+))))))))))))))))
DP129,129,17,0.12,5e-06,AAGCTATATATATCGAT,50.2,50.32,"['AAGCTATATATATCGAT', 'ATCGATATATATAGCTT']",ATCGATATATATAGCTT,(((((((((((((((((+)))))))))))))))))
DP130,130,17,0.12,4e-06,AATATATAGCTATCGAT,49.7,50.12,"['AATATATAGCTATCGAT', 'ATCGATAGCTATATATT']",ATCGATAGCTATATATT,(((((((((((((((((+)))))))))))))))))
DP131,131,17,0.12,3e-06,AATATATGATCATCGAT,50.0,49.86,"['AATATATGATCATCGAT', 'ATCGATGATCATATATT']",ATCGATGATCATATATT,(((((((((((((((((+)))))))))))))))))
DP132,132,17,0.12,4e-06,AGATCATATATATCGAT,49.2,50.12,"['AGATCATATATATCGAT', 'ATCGATATATATGATCT']",ATCGATATATATGATCT,(((((((((((((((((+)))))))))))))))))
DP133,133,18,0.1,4e-06,CTCGTACCTTTCCGGTCC,61.7,62.65,"['CTCGTACCTTTCCGGTCC', 'GGACCGGAAAGGTACGAG']",GGACCGGAAAGGTACGAG,((((((((((((((((((+))))))))))))))))))
DP134,134,20,0.12,7e-06,AAATAAATAGCTATTTATTT,47.1,46.97,"['AAATAAATAGCTATTTATTT', 'AAATAAATAGCTATTTATTT']",AAATAAATAGCTATTTATTT,((((((((((((((((((((+))))))))))))))))))))
DP135,135,20,0.12,6e-06,AACGCGTGAATTCTGGCCAA,66.6,64.11,"['AACGCGTGAATTCTGGCCAA', 'TTGGCCAGAATTCACGCGTT']",TTGGCCAGAATTCACGCGTT,((((((((((((((((((((+))))))))))))))))))))
DP136,136,20,0.12,6e-06,AATATATGAATTCTAATTAA,44.7,46.47,"['AATATATGAATTCTAATTAA', 'TTAATTAGAATTCATATATT']",TTAATTAGAATTCATATATT,((((((((((((((((((((+))))))))))))))))))))
DP137,137,20,0.12,7e-06,ATAAATAAAGCTTTATTTAT,46.2,46.97,"['ATAAATAAAGCTTTATTTAT', 'ATAAATAAAGCTTTATTTAT']",ATAAATAAAGCTTTATTTAT,((((((((((((((((((((+))))))))))))))))))))
DP138,138,20,0.12,6e-06,ATATATATAGCTTTTTTTTT,44.3,46.84,"['ATATATATAGCTTTTTTTTT', 'AAAAAAAAAGCTATATATAT']",AAAAAAAAAGCTATATATAT,((((((((((((((((((((+))))))))))))))))))))
DP139,139,20,0.12,2e-06,TATGTATATTTTGTAATCAG,47.7,48.8,"['TATGTATATTTTGTAATCAG', 'CTGATTACAAAATATACATA']",CTGATTACAAAATATACATA,((((((((((((((((((((+))))))))))))))))))))
DP140,140,20,0.22,2e-06,TATGTATATTTTGTAATCAG,52.6,51.8,"['TATGTATATTTTGTAATCAG', 'CTGATTACAAAATATACATA']",CTGATTACAAAATATACATA,((((((((((((((((((((+))))))))))))))))))))
DP141,141,20,1.02,2e-06,TATGTATATTTTGTAATCAG,61.2,59.41,"['TATGTATATTTTGTAATCAG', 'CTGATTACAAAATATACATA']",CTGATTACAAAATATACATA,((((((((((((((((((((+))))))))))))))))))))
DP142,142,20,0.07,2e-06,TTCAAGTTAAACATTCTATC,45.7,47.96,"['TTCAAGTTAAACATTCTATC', 'GATAGAATGTTTAACTTGAA']",GATAGAATGTTTAACTTGAA,((((((((((((((((((((+))))))))))))))))))))
DP143,143,20,0.22,2e-06,TTCAAGTTAAACATTCTATC,53.9,53.64,"['TTCAAGTTAAACATTCTATC', 'GATAGAATGTTTAACTTGAA']",GATAGAATGTTTAACTTGAA,((((((((((((((((((((+))))))))))))))))))))
DP144,144,20,0.62,2e-06,TTCAAGTTAAACATTCTATC,59.4,58.78,"['TTCAAGTTAAACATTCTATC', 'GATAGAATGTTTAACTTGAA']",GATAGAATGTTTAACTTGAA,((((((((((((((((((((+))))))))))))))))))))
DP145,145,20,0.07,2e-06,TGATTCTACCTATGTGATTT,49.1,51.64,"['TGATTCTACCTATGTGATTT', 'AAATCACATAGGTAGAATCA']",AAATCACATAGGTAGAATCA,((((((((((((((((((((+))))))))))))))))))))
DP146,146,20,0.12,2e-06,TGATTCTACCTATGTGATTT,53.5,54.31,"['TGATTCTACCTATGTGATTT', 'AAATCACATAGGTAGAATCA']",AAATCACATAGGTAGAATCA,((((((((((((((((((((+))))))))))))))))))))
DP147,147,20,0.62,2e-06,TGATTCTACCTATGTGATTT,62.3,62.46,"['TGATTCTACCTATGTGATTT', 'AAATCACATAGGTAGAATCA']",AAATCACATAGGTAGAATCA,((((((((((((((((((((+))))))))))))))))))))
DP148,148,20,1.02,2e-06,TGATTCTACCTATGTGATTT,64.4,64.93,"['TGATTCTACCTATGTGATTT', 'AAATCACATAGGTAGAATCA']",AAATCACATAGGTAGAATCA,((((((((((((((((((((+))))))))))))))))))))
DP149,149,20,0.07,2e-06,ATGCAATGCTACATATTCGC,55.2,56.41,"['ATGCAATGCTACATATTCGC', 'GCGAATATGTAGCATTGCAT']",GCGAATATGTAGCATTGCAT,((((((((((((((((((((+))))))))))))))))))))
DP150,150,20,0.12,2e-06,ATGCAATGCTACATATTCGC,59.5,59.09,"['ATGCAATGCTACATATTCGC', 'GCGAATATGTAGCATTGCAT']",GCGAATATGTAGCATTGCAT,((((((((((((((((((((+))))))))))))))))))))
DP151,151,20,0.22,2e-06,ATGCAATGCTACATATTCGC,62.9,62.09,"['ATGCAATGCTACATATTCGC', 'GCGAATATGTAGCATTGCAT']",GCGAATATGTAGCATTGCAT,((((((((((((((((((((+))))))))))))))))))))
DP152,152,20,0.62,2e-06,ATGCAATGCTACATATTCGC,67.0,67.23,"['ATGCAATGCTACATATTCGC', 'GCGAATATGTAGCATTGCAT']",GCGAATATGTAGCATTGCAT,((((((((((((((((((((+))))))))))))))))))))
DP153,153,20,1.02,2e-06,ATGCAATGCTACATATTCGC,68.9,69.7,"['ATGCAATGCTACATATTCGC', 'GCGAATATGTAGCATTGCAT']",GCGAATATGTAGCATTGCAT,((((((((((((((((((((+))))))))))))))))))))
DP154,154,20,0.12,2e-06,CCACTATACCATCTATGTAC,54.6,57.25,"['CCACTATACCATCTATGTAC', 'GTACATAGATGGTATAGTGG']",GTACATAGATGGTATAGTGG,((((((((((((((((((((+))))))))))))))))))))
DP155,155,20,0.22,2e-06,CCACTATACCATCTATGTAC,58.4,60.26,"['CCACTATACCATCTATGTAC', 'GTACATAGATGGTATAGTGG']",GTACATAGATGGTATAGTGG,((((((((((((((((((((+))))))))))))))))))))
DP156,156,20,0.62,2e-06,CCACTATACCATCTATGTAC,62.2,65.4,"['CCACTATACCATCTATGTAC', 'GTACATAGATGGTATAGTGG']",GTACATAGATGGTATAGTGG,((((((((((((((((((((+))))))))))))))))))))
DP157,157,20,0.07,2e-06,CCATCATTGTGTCTACCTCA,55.6,56.78,"['CCATCATTGTGTCTACCTCA', 'TGAGGTAGACACAATGATGG']",TGAGGTAGACACAATGATGG,((((((((((((((((((((+))))))))))))))))))))
DP158,158,20,0.12,2e-06,CCATCATTGTGTCTACCTCA,59.5,59.46,"['CCATCATTGTGTCTACCTCA', 'TGAGGTAGACACAATGATGG']",TGAGGTAGACACAATGATGG,((((((((((((((((((((+))))))))))))))))))))
DP159,159,20,1.02,2e-06,CCATCATTGTGTCTACCTCA,68.5,70.07,"['CCATCATTGTGTCTACCTCA', 'TGAGGTAGACACAATGATGG']",TGAGGTAGACACAATGATGG,((((((((((((((((((((+))))))))))))))))))))
DP160,160,20,0.07,2e-06,CGGGACCAACTAAAGGAAAT,53.7,56.41,"['CGGGACCAACTAAAGGAAAT', 'ATTTCCTTTAGTTGGTCCCG']",ATTTCCTTTAGTTGGTCCCG,((((((((((((((((((((+))))))))))))))))))))
DP161,161,20,0.12,2e-06,CGGGACCAACTAAAGGAAAT,57.7,59.09,"['CGGGACCAACTAAAGGAAAT', 'ATTTCCTTTAGTTGGTCCCG']",ATTTCCTTTAGTTGGTCCCG,((((((((((((((((((((+))))))))))))))))))))
DP162,162,20,0.22,2e-06,CGGGACCAACTAAAGGAAAT,61.7,62.09,"['CGGGACCAACTAAAGGAAAT', 'ATTTCCTTTAGTTGGTCCCG']",ATTTCCTTTAGTTGGTCCCG,((((((((((((((((((((+))))))))))))))))))))
DP163,163,20,0.62,2e-06,CGGGACCAACTAAAGGAAAT,66.7,67.23,"['CGGGACCAACTAAAGGAAAT', 'ATTTCCTTTAGTTGGTCCCG']",ATTTCCTTTAGTTGGTCCCG,((((((((((((((((((((+))))))))))))))))))))
DP164,164,20,0.07,2e-06,TAGTGGCGATTAGATTCTGC,57.0,57.15,"['TAGTGGCGATTAGATTCTGC', 'GCAGAATCTAATCGCCACTA']",GCAGAATCTAATCGCCACTA,((((((((((((((((((((+))))))))))))))))))))
DP165,165,20,0.12,2e-06,TAGTGGCGATTAGATTCTGC,60.6,59.82,"['TAGTGGCGATTAGATTCTGC', 'GCAGAATCTAATCGCCACTA']",GCAGAATCTAATCGCCACTA,((((((((((((((((((((+))))))))))))))))))))
DP166,166,20,0.62,2e-06,TAGTGGCGATTAGATTCTGC,69.1,67.97,"['TAGTGGCGATTAGATTCTGC', 'GCAGAATCTAATCGCCACTA']",GCAGAATCTAATCGCCACTA,((((((((((((((((((((+))))))))))))))))))))
DP167,167,20,0.12,2e-06,AGCTGCAGTGGATGTGAGAA,63.5,63.13,"['AGCTGCAGTGGATGTGAGAA', 'TTCTCACATCCACTGCAGCT']",TTCTCACATCCACTGCAGCT,((((((((((((((((((((+))))))))))))))))))))
DP168,168,20,0.22,2e-06,AGCTGCAGTGGATGTGAGAA,67.6,66.14,"['AGCTGCAGTGGATGTGAGAA', 'TTCTCACATCCACTGCAGCT']",TTCTCACATCCACTGCAGCT,((((((((((((((((((((+))))))))))))))))))))
DP169,169,20,1.02,2e-06,AGCTGCAGTGGATGTGAGAA,73.1,73.75,"['AGCTGCAGTGGATGTGAGAA', 'TTCTCACATCCACTGCAGCT']",TTCTCACATCCACTGCAGCT,((((((((((((((((((((+))))))))))))))))))))
DP170,170,20,0.12,2e-06,TACTTCCAGTGCTCAGCGTA,64.4,62.76,"['TACTTCCAGTGCTCAGCGTA', 'TACGCTGAGCACTGGAAGTA']",TACGCTGAGCACTGGAAGTA,((((((((((((((((((((+))))))))))))))))))))
DP171,171,20,0.62,2e-06,TACTTCCAGTGCTCAGCGTA,71.6,70.91,"['TACTTCCAGTGCTCAGCGTA', 'TACGCTGAGCACTGGAAGTA']",TACGCTGAGCACTGGAAGTA,((((((((((((((((((((+))))))))))))))))))))
DP172,172,20,1.02,2e-06,TACTTCCAGTGCTCAGCGTA,73.6,73.38,"['TACTTCCAGTGCTCAGCGTA', 'TACGCTGAGCACTGGAAGTA']",TACGCTGAGCACTGGAAGTA,((((((((((((((((((((+))))))))))))))))))))
DP173,173,20,0.07,2e-06,CGAGCTTATCCCTATCCCTC,56.0,59.72,"['CGAGCTTATCCCTATCCCTC', 'GAGGGATAGGGATAAGCTCG']",GAGGGATAGGGATAAGCTCG,((((((((((((((((((((+))))))))))))))))))))
DP174,174,20,0.12,2e-06,CGAGCTTATCCCTATCCCTC,60.2,62.4,"['CGAGCTTATCCCTATCCCTC', 'GAGGGATAGGGATAAGCTCG']",GAGGGATAGGGATAAGCTCG,((((((((((((((((((((+))))))))))))))))))))
DP175,175,20,0.22,2e-06,CGAGCTTATCCCTATCCCTC,64.1,65.4,"['CGAGCTTATCCCTATCCCTC', 'GAGGGATAGGGATAAGCTCG']",GAGGGATAGGGATAAGCTCG,((((((((((((((((((((+))))))))))))))))))))
DP176,176,20,1.02,2e-06,CGAGCTTATCCCTATCCCTC,70.3,73.01,"['CGAGCTTATCCCTATCCCTC', 'GAGGGATAGGGATAAGCTCG']",GAGGGATAGGGATAAGCTCG,((((((((((((((((((((+))))))))))))))))))))
DP177,177,20,0.07,2e-06,CGTACTAGCGTTGGTCATGG,59.6,60.46,"['CGTACTAGCGTTGGTCATGG', 'CCATGACCAACGCTAGTACG']",CCATGACCAACGCTAGTACG,((((((((((((((((((((+))))))))))))))))))))
DP178,178,20,0.12,2e-06,CGTACTAGCGTTGGTCATGG,63.1,63.13,"['CGTACTAGCGTTGGTCATGG', 'CCATGACCAACGCTAGTACG']",CCATGACCAACGCTAGTACG,((((((((((((((((((((+))))))))))))))))))))
DP179,179,20,0.62,2e-06,CGTACTAGCGTTGGTCATGG,70.5,71.28,"['CGTACTAGCGTTGGTCATGG', 'CCATGACCAACGCTAGTACG']",CCATGACCAACGCTAGTACG,((((((((((((((((((((+))))))))))))))))))))
DP180,180,20,1.02,2e-06,CGTACTAGCGTTGGTCATGG,71.1,73.75,"['CGTACTAGCGTTGGTCATGG', 'CCATGACCAACGCTAGTACG']",CCATGACCAACGCTAGTACG,((((((((((((((((((((+))))))))))))))))))))
DP181,181,20,0.12,2e-06,AAGGCGAGTCAGGCTCAGTG,67.7,66.07,"['AAGGCGAGTCAGGCTCAGTG', 'CACTGAGCCTGACTCGCCTT']",CACTGAGCCTGACTCGCCTT,((((((((((((((((((((+))))))))))))))))))))
DP182,182,20,0.22,2e-06,AAGGCGAGTCAGGCTCAGTG,71.4,69.08,"['AAGGCGAGTCAGGCTCAGTG', 'CACTGAGCCTGACTCGCCTT']",CACTGAGCCTGACTCGCCTT,((((((((((((((((((((+))))))))))))))))))))
DP183,183,20,0.62,2e-06,AAGGCGAGTCAGGCTCAGTG,75.1,74.22,"['AAGGCGAGTCAGGCTCAGTG', 'CACTGAGCCTGACTCGCCTT']",CACTGAGCCTGACTCGCCTT,((((((((((((((((((((+))))))))))))))))))))
DP184,184,20,0.07,2e-06,ACCGACGACGCTGATCCGAT,66.0,65.6,"['ACCGACGACGCTGATCCGAT', 'ATCGGATCAGCGTCGTCGGT']",ATCGGATCAGCGTCGTCGGT,((((((((((((((((((((+))))))))))))))))))))
DP185,185,20,0.22,2e-06,ACCGACGACGCTGATCCGAT,72.6,71.28,"['ACCGACGACGCTGATCCGAT', 'ATCGGATCAGCGTCGTCGGT']",ATCGGATCAGCGTCGTCGGT,((((((((((((((((((((+))))))))))))))))))))
DP186,186,20,0.62,2e-06,ACCGACGACGCTGATCCGAT,76.8,76.42,"['ACCGACGACGCTGATCCGAT', 'ATCGGATCAGCGTCGTCGGT']",ATCGGATCAGCGTCGTCGGT,((((((((((((((((((((+))))))))))))))))))))
DP187,187,20,1.02,2e-06,ACCGACGACGCTGATCCGAT,77.3,78.89,"['ACCGACGACGCTGATCCGAT', 'ATCGGATCAGCGTCGTCGGT']",ATCGGATCAGCGTCGTCGGT,((((((((((((((((((((+))))))))))))))))))))
DP188,188,20,0.07,2e-06,AGCAGTCCGCCACACCCTGA,66.5,67.07,"['AGCAGTCCGCCACACCCTGA', 'TCAGGGTGTGGCGGACTGCT']",TCAGGGTGTGGCGGACTGCT,((((((((((((((((((((+))))))))))))))))))))
DP189,189,20,0.62,2e-06,AGCAGTCCGCCACACCCTGA,76.9,77.89,"['AGCAGTCCGCCACACCCTGA', 'TCAGGGTGTGGCGGACTGCT']",TCAGGGTGTGGCGGACTGCT,((((((((((((((((((((+))))))))))))))))))))
DP190,190,20,1.02,2e-06,AGCAGTCCGCCACACCCTGA,78.5,80.36,"['AGCAGTCCGCCACACCCTGA', 'TCAGGGTGTGGCGGACTGCT']",TCAGGGTGTGGCGGACTGCT,((((((((((((((((((((+))))))))))))))))))))
DP191,191,20,0.07,2e-06,CAGCCTCGTTCGCACAGCCC,67.2,67.07,"['CAGCCTCGTTCGCACAGCCC', 'GGGCTGTGCGAACGAGGCTG']",GGGCTGTGCGAACGAGGCTG,((((((((((((((((((((+))))))))))))))))))))
DP192,192,20,0.12,2e-06,CAGCCTCGTTCGCACAGCCC,70.7,69.75,"['CAGCCTCGTTCGCACAGCCC', 'GGGCTGTGCGAACGAGGCTG']",GGGCTGTGCGAACGAGGCTG,((((((((((((((((((((+))))))))))))))))))))
DP193,193,20,0.22,2e-06,CAGCCTCGTTCGCACAGCCC,74.0,72.75,"['CAGCCTCGTTCGCACAGCCC', 'GGGCTGTGCGAACGAGGCTG']",GGGCTGTGCGAACGAGGCTG,((((((((((((((((((((+))))))))))))))))))))
DP194,194,20,1.02,2e-06,CAGCCTCGTTCGCACAGCCC,78.1,80.36,"['CAGCCTCGTTCGCACAGCCC', 'GGGCTGTGCGAACGAGGCTG']",GGGCTGTGCGAACGAGGCTG,((((((((((((((((((((+))))))))))))))))))))
DP195,195,20,0.07,2e-06,GTGGTGGGCCGTGCGCTCTG,69.2,69.64,"['GTGGTGGGCCGTGCGCTCTG', 'CAGAGCGCACGGCCCACCAC']",CAGAGCGCACGGCCCACCAC,((((((((((((((((((((+))))))))))))))))))))
DP196,196,20,0.12,2e-06,GTGGTGGGCCGTGCGCTCTG,72.7,72.32,"['GTGGTGGGCCGTGCGCTCTG', 'CAGAGCGCACGGCCCACCAC']",CAGAGCGCACGGCCCACCAC,((((((((((((((((((((+))))))))))))))))))))
DP197,197,20,0.22,2e-06,GTGGTGGGCCGTGCGCTCTG,76.2,75.32,"['GTGGTGGGCCGTGCGCTCTG', 'CAGAGCGCACGGCCCACCAC']",CAGAGCGCACGGCCCACCAC,((((((((((((((((((((+))))))))))))))))))))
DP198,198,20,0.62,2e-06,GTGGTGGGCCGTGCGCTCTG,79.6,80.46,"['GTGGTGGGCCGTGCGCTCTG', 'CAGAGCGCACGGCCCACCAC']",CAGAGCGCACGGCCCACCAC,((((((((((((((((((((+))))))))))))))))))))
DP199,199,20,0.12,2e-06,GTCCACGCCCGGTGCGACGG,73.9,74.52,"['GTCCACGCCCGGTGCGACGG', 'CCGTCGCACCGGGCGTGGAC']",CCGTCGCACCGGGCGTGGAC,((((((((((((((((((((+))))))))))))))))))))
DP200,200,20,0.22,2e-06,GTCCACGCCCGGTGCGACGG,77.3,77.53,"['GTCCACGCCCGGTGCGACGG', 'CCGTCGCACCGGGCGTGGAC']",CCGTCGCACCGGGCGTGGAC,((((((((((((((((((((+))))))))))))))))))))
DP201,201,20,0.62,2e-06,GTCCACGCCCGGTGCGACGG,79.8,82.67,"['GTCCACGCCCGGTGCGACGG', 'CCGTCGCACCGGGCGTGGAC']",CCGTCGCACCGGGCGTGGAC,((((((((((((((((((((+))))))))))))))))))))
DP202,202,20,1.02,2e-06,GTCCACGCCCGGTGCGACGG,81.1,85.14,"['GTCCACGCCCGGTGCGACGG', 'CCGTCGCACCGGGCGTGGAC']",CCGTCGCACCGGGCGTGGAC,((((((((((((((((((((+))))))))))))))))))))
DP203,203,20,0.12,5e-06,ATATATATAGCTATATATAT,44.8,48.14,"['ATATATATAGCTATATATAT', 'ATATATATAGCTATATATAT']",ATATATATAGCTATATATAT,((((((((((((((((((((+))))))))))))))))))))
DP204,204,21,0.1,4e-06,GCCGAGGTCCATGTCGTACGC,69.5,69.99,"['GCCGAGGTCCATGTCGTACGC', 'GCGTACGACATGGACCTCGGC']",GCGTACGACATGGACCTCGGC,(((((((((((((((((((((+)))))))))))))))))))))
DP205,205,21,1.0,3e-06,GCTAAAAAGAGAGAGAGATCG,69.0,68.55,"['GCTAAAAAGAGAGAGAGATCG', 'CGATCTCTCTCTCTTTTTAGC']",CGATCTCTCTCTCTTTTTAGC,(((((((((((((((((((((+)))))))))))))))))))))
DP206,206,22,0.12,6e-06,AAAAAAAAGAATTCTTTTTTTT,49.9,46.72,"['AAAAAAAAGAATTCTTTTTTTT', 'AAAAAAAAGAATTCTTTTTTTT']",AAAAAAAAGAATTCTTTTTTTT,((((((((((((((((((((((+))))))))))))))))))))))
DP207,207,22,0.12,7e-06,AAATATAAGAATTCTTATATTT,48.9,48.19,"['AAATATAAGAATTCTTATATTT', 'AAATATAAGAATTCTTATATTT']",AAATATAAGAATTCTTATATTT,((((((((((((((((((((((+))))))))))))))))))))))
DP208,208,22,0.12,6e-06,AACGCGCGTAGAGTAATTATAA,65.0,60.42,"['AACGCGCGTAGAGTAATTATAA', 'TTATAATTACTCTACGCGCGTT']",TTATAATTACTCTACGCGCGTT,((((((((((((((((((((((+))))))))))))))))))))))
DP209,209,22,0.12,6e-06,AACGCGCGTAGAGTGGCCGCAA,77.3,72.44,"['AACGCGCGTAGAGTGGCCGCAA', 'TTGCGGCCACTCTACGCGCGTT']",TTGCGGCCACTCTACGCGCGTT,((((((((((((((((((((((+))))))))))))))))))))))
DP210,210,22,0.12,6e-06,AATATATATAGAGTGGCCGCAA,65.2,60.42,"['AATATATATAGAGTGGCCGCAA', 'TTGCGGCCACTCTATATATATT']",TTGCGGCCACTCTATATATATT,((((((((((((((((((((((+))))))))))))))))))))))
DP211,211,22,0.12,5e-06,ACTGATTAGGATCCATATGTCA,58.3,59.92,"['ACTGATTAGGATCCATATGTCA', 'TGACATATGGATCCTAATCAGT']",TGACATATGGATCCTAATCAGT,((((((((((((((((((((((+))))))))))))))))))))))
DP212,212,22,0.12,7e-06,ATAAAAATGAATTCATTTTTAT,52.8,48.19,"['ATAAAAATGAATTCATTTTTAT', 'ATAAAAATGAATTCATTTTTAT']",ATAAAAATGAATTCATTTTTAT,((((((((((((((((((((((+))))))))))))))))))))))
DP213,213,22,0.12,4e-06,ATACGCGAGGATCCAGCGCAAT,71.1,68.41,"['ATACGCGAGGATCCAGCGCAAT', 'ATTGCGCTGGATCCTCGCGTAT']",ATTGCGCTGGATCCTCGCGTAT,((((((((((((((((((((((+))))))))))))))))))))))
DP214,214,22,0.12,6e-06,ATATATATGAATTCATATATAT,48.9,49.39,"['ATATATATGAATTCATATATAT', 'ATATATATGAATTCATATATAT']",ATATATATGAATTCATATATAT,((((((((((((((((((((((+))))))))))))))))))))))
DP215,215,22,0.12,4e-06,GCGGATTAGGATCCATATCGCG,65.4,65.73,"['GCGGATTAGGATCCATATCGCG', 'CGCGATATGGATCCTAATCCGC']",CGCGATATGGATCCTAATCCGC,((((((((((((((((((((((+))))))))))))))))))))))
DP216,216,22,0.12,5e-06,AATATATATAGAGTAATTATAA,45.1,48.23,"['AATATATATAGAGTAATTATAA', 'TTATAATTACTCTATATATATT']",TTATAATTACTCTATATATATT,((((((((((((((((((((((+))))))))))))))))))))))
DP217,217,24,0.12,6e-06,AACGCGCGTGAATTCTGGCCGCAA,75.8,71.56,"['AACGCGCGTGAATTCTGGCCGCAA', 'TTGCGGCCAGAATTCACGCGCGTT']",TTGCGGCCAGAATTCACGCGCGTT,((((((((((((((((((((((((+))))))))))))))))))))))))
DP218,218,25,0.07,2e-06,GATATAGCAAAATTCTAAGTTAATA,49.1,50.51,"['GATATAGCAAAATTCTAAGTTAATA', 'TATTAACTTAGAATTTTGCTATATC']",TATTAACTTAGAATTTTGCTATATC,(((((((((((((((((((((((((+)))))))))))))))))))))))))
DP219,219,25,0.12,2e-06,GATATAGCAAAATTCTAAGTTAATA,53.5,53.18,"['GATATAGCAAAATTCTAAGTTAATA', 'TATTAACTTAGAATTTTGCTATATC']",TATTAACTTAGAATTTTGCTATATC,(((((((((((((((((((((((((+)))))))))))))))))))))))))
DP220,220,25,0.22,2e-06,GATATAGCAAAATTCTAAGTTAATA,57.7,56.19,"['GATATAGCAAAATTCTAAGTTAATA', 'TATTAACTTAGAATTTTGCTATATC']",TATTAACTTAGAATTTTGCTATATC,(((((((((((((((((((((((((+)))))))))))))))))))))))))
DP221,221,25,0.62,2e-06,GATATAGCAAAATTCTAAGTTAATA,63.3,61.33,"['GATATAGCAAAATTCTAAGTTAATA', 'TATTAACTTAGAATTTTGCTATATC']",TATTAACTTAGAATTTTGCTATATC,(((((((((((((((((((((((((+)))))))))))))))))))))))))
DP222,222,25,1.02,2e-06,GATATAGCAAAATTCTAAGTTAATA,66.1,63.8,"['GATATAGCAAAATTCTAAGTTAATA', 'TATTAACTTAGAATTTTGCTATATC']",TATTAACTTAGAATTTTGCTATATC,(((((((((((((((((((((((((+)))))))))))))))))))))))))
DP223,223,25,0.07,2e-06,GTTCTATACTCTTGAAGTTGATTAC,52.7,55.21,"['GTTCTATACTCTTGAAGTTGATTAC', 'GTAATCAACTTCAAGAGTATAGAAC']",GTAATCAACTTCAAGAGTATAGAAC,(((((((((((((((((((((((((+)))))))))))))))))))))))))
DP224,224,25,0.12,2e-06,GTTCTATACTCTTGAAGTTGATTAC,56.1,57.89,"['GTTCTATACTCTTGAAGTTGATTAC', 'GTAATCAACTTCAAGAGTATAGAAC']",GTAATCAACTTCAAGAGTATAGAAC,(((((((((((((((((((((((((+)))))))))))))))))))))))))
DP225,225,25,0.22,2e-06,GTTCTATACTCTTGAAGTTGATTAC,60.6,60.89,"['GTTCTATACTCTTGAAGTTGATTAC', 'GTAATCAACTTCAAGAGTATAGAAC']",GTAATCAACTTCAAGAGTATAGAAC,(((((((((((((((((((((((((+)))))))))))))))))))))))))
DP226,226,25,0.62,2e-06,GTTCTATACTCTTGAAGTTGATTAC,66.1,66.03,"['GTTCTATACTCTTGAAGTTGATTAC', 'GTAATCAACTTCAAGAGTATAGAAC']",GTAATCAACTTCAAGAGTATAGAAC,(((((((((((((((((((((((((+)))))))))))))))))))))))))
DP227,227,25,1.02,2e-06,GTTCTATACTCTTGAAGTTGATTAC,67.7,68.5,"['GTTCTATACTCTTGAAGTTGATTAC', 'GTAATCAACTTCAAGAGTATAGAAC']",GTAATCAACTTCAAGAGTATAGAAC,(((((((((((((((((((((((((+)))))))))))))))))))))))))
DP228,228,25,0.07,2e-06,CCCTGCACTTTAACTGAATTGTTTA,57.4,56.98,"['CCCTGCACTTTAACTGAATTGTTTA', 'TAAACAATTCAGTTAAAGTGCAGGG']",TAAACAATTCAGTTAAAGTGCAGGG,(((((((((((((((((((((((((+)))))))))))))))))))))))))
DP229,229,25,0.12,2e-06,CCCTGCACTTTAACTGAATTGTTTA,61.4,59.65,"['CCCTGCACTTTAACTGAATTGTTTA', 'TAAACAATTCAGTTAAAGTGCAGGG']",TAAACAATTCAGTTAAAGTGCAGGG,(((((((((((((((((((((((((+)))))))))))))))))))))))))
DP230,230,25,0.22,2e-06,CCCTGCACTTTAACTGAATTGTTTA,65.6,62.66,"['CCCTGCACTTTAACTGAATTGTTTA', 'TAAACAATTCAGTTAAAGTGCAGGG']",TAAACAATTCAGTTAAAGTGCAGGG,(((((((((((((((((((((((((+)))))))))))))))))))))))))
DP231,231,25,0.07,2e-06,TAACCATACTGAATACCTTTTGACG,56.5,57.27,"['TAACCATACTGAATACCTTTTGACG', 'CGTCAAAAGGTATTCAGTATGGTTA']",CGTCAAAAGGTATTCAGTATGGTTA,(((((((((((((((((((((((((+)))))))))))))))))))))))))
DP232,232,25,0.12,2e-06,TAACCATACTGAATACCTTTTGACG,60.2,59.94,"['TAACCATACTGAATACCTTTTGACG', 'CGTCAAAAGGTATTCAGTATGGTTA']",CGTCAAAAGGTATTCAGTATGGTTA,(((((((((((((((((((((((((+)))))))))))))))))))))))))
DP233,233,25,0.62,2e-06,TAACCATACTGAATACCTTTTGACG,68.9,68.09,"['TAACCATACTGAATACCTTTTGACG', 'CGTCAAAAGGTATTCAGTATGGTTA']",CGTCAAAAGGTATTCAGTATGGTTA,(((((((((((((((((((((((((+)))))))))))))))))))))))))
DP234,234,25,0.07,2e-06,TCCACACGGTAGTAAAATTAGGCTT,59.3,60.21,"['TCCACACGGTAGTAAAATTAGGCTT', 'AAGCCTAATTTTACTACCGTGTGGA']",AAGCCTAATTTTACTACCGTGTGGA,(((((((((((((((((((((((((+)))))))))))))))))))))))))
DP235,235,25,0.12,2e-06,TCCACACGGTAGTAAAATTAGGCTT,63.1,62.88,"['TCCACACGGTAGTAAAATTAGGCTT', 'AAGCCTAATTTTACTACCGTGTGGA']",AAGCCTAATTTTACTACCGTGTGGA,(((((((((((((((((((((((((+)))))))))))))))))))))))))
DP236,236,25,1.02,2e-06,TCCACACGGTAGTAAAATTAGGCTT,73.8,73.5,"['TCCACACGGTAGTAAAATTAGGCTT', 'AAGCCTAATTTTACTACCGTGTGGA']",AAGCCTAATTTTACTACCGTGTGGA,(((((((((((((((((((((((((+)))))))))))))))))))))))))
DP237,237,25,0.07,2e-06,TTCCAAAAGGAGTTATGAGTTGCGA,59.1,59.33,"['TTCCAAAAGGAGTTATGAGTTGCGA', 'TCGCAACTCATAACTCCTTTTGGAA']",TCGCAACTCATAACTCCTTTTGGAA,(((((((((((((((((((((((((+)))))))))))))))))))))))))
DP238,238,25,0.22,2e-06,TTCCAAAAGGAGTTATGAGTTGCGA,67.2,65.01,"['TTCCAAAAGGAGTTATGAGTTGCGA', 'TCGCAACTCATAACTCCTTTTGGAA']",TCGCAACTCATAACTCCTTTTGGAA,(((((((((((((((((((((((((+)))))))))))))))))))))))))
DP239,239,25,0.62,2e-06,TTCCAAAAGGAGTTATGAGTTGCGA,71.6,70.15,"['TTCCAAAAGGAGTTATGAGTTGCGA', 'TCGCAACTCATAACTCCTTTTGGAA']",TCGCAACTCATAACTCCTTTTGGAA,(((((((((((((((((((((((((+)))))))))))))))))))))))))
DP240,240,25,0.07,2e-06,AATATCTCTCATGCGCCAAGCTACA,62.1,62.27,"['AATATCTCTCATGCGCCAAGCTACA', 'TGTAGCTTGGCGCATGAGAGATATT']",TGTAGCTTGGCGCATGAGAGATATT,(((((((((((((((((((((((((+)))))))))))))))))))))))))
DP241,241,25,0.22,2e-06,AATATCTCTCATGCGCCAAGCTACA,70.3,67.95,"['AATATCTCTCATGCGCCAAGCTACA', 'TGTAGCTTGGCGCATGAGAGATATT']",TGTAGCTTGGCGCATGAGAGATATT,(((((((((((((((((((((((((+)))))))))))))))))))))))))
DP242,242,25,1.02,2e-06,AATATCTCTCATGCGCCAAGCTACA,76.5,75.56,"['AATATCTCTCATGCGCCAAGCTACA', 'TGTAGCTTGGCGCATGAGAGATATT']",TGTAGCTTGGCGCATGAGAGATATT,(((((((((((((((((((((((((+)))))))))))))))))))))))))
DP243,243,25,0.07,2e-06,TAGTATATCGCAGCATCATACAGGC,61.2,61.97,"['TAGTATATCGCAGCATCATACAGGC', 'GCCTGTATGATGCTGCGATATACTA']",GCCTGTATGATGCTGCGATATACTA,(((((((((((((((((((((((((+)))))))))))))))))))))))))
DP244,244,25,0.62,2e-06,TAGTATATCGCAGCATCATACAGGC,72.8,72.79,"['TAGTATATCGCAGCATCATACAGGC', 'GCCTGTATGATGCTGCGATATACTA']",GCCTGTATGATGCTGCGATATACTA,(((((((((((((((((((((((((+)))))))))))))))))))))))))
DP245,245,25,1.02,2e-06,TAGTATATCGCAGCATCATACAGGC,75.0,75.26,"['TAGTATATCGCAGCATCATACAGGC', 'GCCTGTATGATGCTGCGATATACTA']",GCCTGTATGATGCTGCGATATACTA,(((((((((((((((((((((((((+)))))))))))))))))))))))))
DP246,246,25,0.12,2e-06,TGGATTCTACTCAACCTTAGTCTGG,63.1,62.88,"['TGGATTCTACTCAACCTTAGTCTGG', 'CCAGACTAAGGTTGAGTAGAATCCA']",CCAGACTAAGGTTGAGTAGAATCCA,(((((((((((((((((((((((((+)))))))))))))))))))))))))
DP247,247,25,0.22,2e-06,TGGATTCTACTCAACCTTAGTCTGG,67.1,65.89,"['TGGATTCTACTCAACCTTAGTCTGG', 'CCAGACTAAGGTTGAGTAGAATCCA']",CCAGACTAAGGTTGAGTAGAATCCA,(((((((((((((((((((((((((+)))))))))))))))))))))))))
DP248,248,25,0.62,2e-06,TGGATTCTACTCAACCTTAGTCTGG,71.3,71.03,"['TGGATTCTACTCAACCTTAGTCTGG', 'CCAGACTAAGGTTGAGTAGAATCCA']",CCAGACTAAGGTTGAGTAGAATCCA,(((((((((((((((((((((((((+)))))))))))))))))))))))))
DP249,249,25,0.12,2e-06,CGGAATCCATGTTACTTCGGCTATC,64.7,64.65,"['CGGAATCCATGTTACTTCGGCTATC', 'GATAGCCGAAGTAACATGGATTCCG']",GATAGCCGAAGTAACATGGATTCCG,(((((((((((((((((((((((((+)))))))))))))))))))))))))
DP250,250,25,0.22,2e-06,CGGAATCCATGTTACTTCGGCTATC,68.7,67.65,"['CGGAATCCATGTTACTTCGGCTATC', 'GATAGCCGAAGTAACATGGATTCCG']",GATAGCCGAAGTAACATGGATTCCG,(((((((((((((((((((((((((+)))))))))))))))))))))))))
DP251,251,25,1.02,2e-06,CGGAATCCATGTTACTTCGGCTATC,74.8,75.26,"['CGGAATCCATGTTACTTCGGCTATC', 'GATAGCCGAAGTAACATGGATTCCG']",GATAGCCGAAGTAACATGGATTCCG,(((((((((((((((((((((((((+)))))))))))))))))))))))))
DP252,252,25,0.12,2e-06,CTGGTCTGGATCTGAGAACTTCAGG,65.8,65.24,"['CTGGTCTGGATCTGAGAACTTCAGG', 'CCTGAAGTTCTCAGATCCAGACCAG']",CCTGAAGTTCTCAGATCCAGACCAG,(((((((((((((((((((((((((+)))))))))))))))))))))))))
DP253,253,25,0.62,2e-06,CTGGTCTGGATCTGAGAACTTCAGG,74.2,73.38,"['CTGGTCTGGATCTGAGAACTTCAGG', 'CCTGAAGTTCTCAGATCCAGACCAG']",CCTGAAGTTCTCAGATCCAGACCAG,(((((((((((((((((((((((((+)))))))))))))))))))))))))
DP254,254,25,1.02,2e-06,CTGGTCTGGATCTGAGAACTTCAGG,75.6,75.85,"['CTGGTCTGGATCTGAGAACTTCAGG', 'CCTGAAGTTCTCAGATCCAGACCAG']",CCTGAAGTTCTCAGATCCAGACCAG,(((((((((((((((((((((((((+)))))))))))))))))))))))))
DP255,255,25,0.22,2e-06,ACAGCGAATGGACCTACGTGGCCTT,76.0,73.53,"['ACAGCGAATGGACCTACGTGGCCTT', 'AAGGCCACGTAGGTCCATTCGCTGT']",AAGGCCACGTAGGTCCATTCGCTGT,(((((((((((((((((((((((((+)))))))))))))))))))))))))
DP256,256,25,0.62,2e-06,ACAGCGAATGGACCTACGTGGCCTT,79.4,78.67,"['ACAGCGAATGGACCTACGTGGCCTT', 'AAGGCCACGTAGGTCCATTCGCTGT']",AAGGCCACGTAGGTCCATTCGCTGT,(((((((((((((((((((((((((+)))))))))))))))))))))))))
DP257,257,25,1.02,2e-06,ACAGCGAATGGACCTACGTGGCCTT,81.0,81.14,"['ACAGCGAATGGACCTACGTGGCCTT', 'AAGGCCACGTAGGTCCATTCGCTGT']",AAGGCCACGTAGGTCCATTCGCTGT,(((((((((((((((((((((((((+)))))))))))))))))))))))))
DP258,258,25,0.07,2e-06,AGCAAGTCGAGCAGGGCCTACGTTT,68.3,67.56,"['AGCAAGTCGAGCAGGGCCTACGTTT', 'AAACGTAGGCCCTGCTCGACTTGCT']",AAACGTAGGCCCTGCTCGACTTGCT,(((((((((((((((((((((((((+)))))))))))))))))))))))))
DP259,259,25,0.12,2e-06,AGCAAGTCGAGCAGGGCCTACGTTT,72.6,70.23,"['AGCAAGTCGAGCAGGGCCTACGTTT', 'AAACGTAGGCCCTGCTCGACTTGCT']",AAACGTAGGCCCTGCTCGACTTGCT,(((((((((((((((((((((((((+)))))))))))))))))))))))))
DP260,260,25,0.22,2e-06,AGCAAGTCGAGCAGGGCCTACGTTT,76.3,73.24,"['AGCAAGTCGAGCAGGGCCTACGTTT', 'AAACGTAGGCCCTGCTCGACTTGCT']",AAACGTAGGCCCTGCTCGACTTGCT,(((((((((((((((((((((((((+)))))))))))))))))))))))))
DP261,261,25,0.62,2e-06,AGCAAGTCGAGCAGGGCCTACGTTT,80.0,78.38,"['AGCAAGTCGAGCAGGGCCTACGTTT', 'AAACGTAGGCCCTGCTCGACTTGCT']",AAACGTAGGCCCTGCTCGACTTGCT,(((((((((((((((((((((((((+)))))))))))))))))))))))))
DP262,262,25,0.07,2e-06,GCGAGCGACAGGTTACTTGGCTGAT,67.0,66.97,"['GCGAGCGACAGGTTACTTGGCTGAT', 'ATCAGCCAAGTAACCTGTCGCTCGC']",ATCAGCCAAGTAACCTGTCGCTCGC,(((((((((((((((((((((((((+)))))))))))))))))))))))))
DP263,263,25,0.12,2e-06,GCGAGCGACAGGTTACTTGGCTGAT,70.8,69.65,"['GCGAGCGACAGGTTACTTGGCTGAT', 'ATCAGCCAAGTAACCTGTCGCTCGC']",ATCAGCCAAGTAACCTGTCGCTCGC,(((((((((((((((((((((((((+)))))))))))))))))))))))))
DP264,264,25,0.62,2e-06,GCGAGCGACAGGTTACTTGGCTGAT,78.6,77.79,"['GCGAGCGACAGGTTACTTGGCTGAT', 'ATCAGCCAAGTAACCTGTCGCTCGC']",ATCAGCCAAGTAACCTGTCGCTCGC,(((((((((((((((((((((((((+)))))))))))))))))))))))))
DP265,265,25,1.02,2e-06,GCGAGCGACAGGTTACTTGGCTGAT,80.1,80.26,"['GCGAGCGACAGGTTACTTGGCTGAT', 'ATCAGCCAAGTAACCTGTCGCTCGC']",ATCAGCCAAGTAACCTGTCGCTCGC,(((((((((((((((((((((((((+)))))))))))))))))))))))))
DP266,266,25,0.07,2e-06,AAAGGTGTCGCGGAGAGTCGTGCTG,69.6,68.15,"['AAAGGTGTCGCGGAGAGTCGTGCTG', 'CAGCACGACTCTCCGCGACACCTTT']",CAGCACGACTCTCCGCGACACCTTT,(((((((((((((((((((((((((+)))))))))))))))))))))))))
DP267,267,25,0.12,2e-06,AAAGGTGTCGCGGAGAGTCGTGCTG,73.6,70.82,"['AAAGGTGTCGCGGAGAGTCGTGCTG', 'CAGCACGACTCTCCGCGACACCTTT']",CAGCACGACTCTCCGCGACACCTTT,(((((((((((((((((((((((((+)))))))))))))))))))))))))
DP268,268,25,0.22,2e-06,AAAGGTGTCGCGGAGAGTCGTGCTG,77.4,73.83,"['AAAGGTGTCGCGGAGAGTCGTGCTG', 'CAGCACGACTCTCCGCGACACCTTT']",CAGCACGACTCTCCGCGACACCTTT,(((((((((((((((((((((((((+)))))))))))))))))))))))))
DP269,269,25,1.02,2e-06,AAAGGTGTCGCGGAGAGTCGTGCTG,82.4,81.44,"['AAAGGTGTCGCGGAGAGTCGTGCTG', 'CAGCACGACTCTCCGCGACACCTTT']",CAGCACGACTCTCCGCGACACCTTT,(((((((((((((((((((((((((+)))))))))))))))))))))))))
DP270,270,25,0.07,2e-06,ATGGGTGGGAGCCTCGGTAGCAGCC,70.7,71.97,"['ATGGGTGGGAGCCTCGGTAGCAGCC', 'GGCTGCTACCGAGGCTCCCACCCAT']",GGCTGCTACCGAGGCTCCCACCCAT,(((((((((((((((((((((((((+)))))))))))))))))))))))))
DP271,271,25,0.22,2e-06,ATGGGTGGGAGCCTCGGTAGCAGCC,78.2,77.65,"['ATGGGTGGGAGCCTCGGTAGCAGCC', 'GGCTGCTACCGAGGCTCCCACCCAT']",GGCTGCTACCGAGGCTCCCACCCAT,(((((((((((((((((((((((((+)))))))))))))))))))))))))
DP272,272,25,0.62,2e-06,ATGGGTGGGAGCCTCGGTAGCAGCC,81.6,82.79,"['ATGGGTGGGAGCCTCGGTAGCAGCC', 'GGCTGCTACCGAGGCTCCCACCCAT']",GGCTGCTACCGAGGCTCCCACCCAT,(((((((((((((((((((((((((+)))))))))))))))))))))))))
DP273,273,25,1.02,2e-06,ATGGGTGGGAGCCTCGGTAGCAGCC,83.4,85.26,"['ATGGGTGGGAGCCTCGGTAGCAGCC', 'GGCTGCTACCGAGGCTCCCACCCAT']",GGCTGCTACCGAGGCTCCCACCCAT,(((((((((((((((((((((((((+)))))))))))))))))))))))))
DP274,274,25,0.12,2e-06,CAGTGGGCTCCTGGGCGTGCTGGTC,75.6,75.23,"['CAGTGGGCTCCTGGGCGTGCTGGTC', 'GACCAGCACGCCCAGGAGCCCACTG']",GACCAGCACGCCCAGGAGCCCACTG,(((((((((((((((((((((((((+)))))))))))))))))))))))))
DP275,275,25,0.22,2e-06,CAGTGGGCTCCTGGGCGTGCTGGTC,79.2,78.24,"['CAGTGGGCTCCTGGGCGTGCTGGTC', 'GACCAGCACGCCCAGGAGCCCACTG']",GACCAGCACGCCCAGGAGCCCACTG,(((((((((((((((((((((((((+)))))))))))))))))))))))))
DP276,276,25,0.62,2e-06,CAGTGGGCTCCTGGGCGTGCTGGTC,82.6,83.38,"['CAGTGGGCTCCTGGGCGTGCTGGTC', 'GACCAGCACGCCCAGGAGCCCACTG']",GACCAGCACGCCCAGGAGCCCACTG,(((((((((((((((((((((((((+)))))))))))))))))))))))))
DP277,277,25,1.02,2e-06,CAGTGGGCTCCTGGGCGTGCTGGTC,83.4,85.85,"['CAGTGGGCTCCTGGGCGTGCTGGTC', 'GACCAGCACGCCCAGGAGCCCACTG']",GACCAGCACGCCCAGGAGCCCACTG,(((((((((((((((((((((((((+)))))))))))))))))))))))))
DP278,278,25,0.07,2e-06,ACGGGTCCCCGCACCGCACCGCCAG,76.8,77.26,"['ACGGGTCCCCGCACCGCACCGCCAG', 'CTGGCGGTGCGGTGCGGGGACCCGT']",CTGGCGGTGCGGTGCGGGGACCCGT,(((((((((((((((((((((((((+)))))))))))))))))))))))))
DP279,279,25,0.12,2e-06,ACGGGTCCCCGCACCGCACCGCCAG,79.9,79.94,"['ACGGGTCCCCGCACCGCACCGCCAG', 'CTGGCGGTGCGGTGCGGGGACCCGT']",CTGGCGGTGCGGTGCGGGGACCCGT,(((((((((((((((((((((((((+)))))))))))))))))))))))))
DP280,280,25,0.22,2e-06,ACGGGTCCCCGCACCGCACCGCCAG,84.0,82.94,"['ACGGGTCCCCGCACCGCACCGCCAG', 'CTGGCGGTGCGGTGCGGGGACCCGT']",CTGGCGGTGCGGTGCGGGGACCCGT,(((((((((((((((((((((((((+)))))))))))))))))))))))))
DP281,281,25,0.62,2e-06,ACGGGTCCCCGCACCGCACCGCCAG,87.1,88.08,"['ACGGGTCCCCGCACCGCACCGCCAG', 'CTGGCGGTGCGGTGCGGGGACCCGT']",CTGGCGGTGCGGTGCGGGGACCCGT,(((((((((((((((((((((((((+)))))))))))))))))))))))))
DP282,282,25,1.02,2e-06,ACGGGTCCCCGCACCGCACCGCCAG,88.3,90.55,"['ACGGGTCCCCGCACCGCACCGCCAG', 'CTGGCGGTGCGGTGCGGGGACCCGT']",CTGGCGGTGCGGTGCGGGGACCCGT,(((((((((((((((((((((((((+)))))))))))))))))))))))))
DP283,283,30,0.15,0.0001,CAGCAGCAGCAGCAGCAGCAGCAGCAGCAG,83.0,81.36,"['CAGCAGCAGCAGCAGCAGCAGCAGCAGCAG', 'CTGCTGCTGCTGCTGCTGCTGCTGCTGCTG']",CTGCTGCTGCTGCTGCTGCTGCTGCTGCTG,((((((((((((((((((((((((((((((+))))))))))))))))))))))))))))))
DP284,284,30,0.15,0.0001,GACGACGACGACGACGACGACGACGACGAC,83.0,82.1,"['GACGACGACGACGACGACGACGACGACGAC', 'GTCGTCGTCGTCGTCGTCGTCGTCGTCGTC']",GTCGTCGTCGTCGTCGTCGTCGTCGTCGTC,((((((((((((((((((((((((((((((+))))))))))))))))))))))))))))))
DP285,285,30,0.07,2e-06,ATTGATATCCTTTTCTATTCATCTTTCATT,53.5,56.22,"['ATTGATATCCTTTTCTATTCATCTTTCATT', 'AATGAAAGATGAATAGAAAAGGATATCAAT']",AATGAAAGATGAATAGAAAAGGATATCAAT,((((((((((((((((((((((((((((((+))))))))))))))))))))))))))))))
DP286,286,30,0.12,2e-06,ATTGATATCCTTTTCTATTCATCTTTCATT,58.3,58.89,"['ATTGATATCCTTTTCTATTCATCTTTCATT', 'AATGAAAGATGAATAGAAAAGGATATCAAT']",AATGAAAGATGAATAGAAAAGGATATCAAT,((((((((((((((((((((((((((((((+))))))))))))))))))))))))))))))
DP287,287,30,0.22,2e-06,ATTGATATCCTTTTCTATTCATCTTTCATT,62.3,61.9,"['ATTGATATCCTTTTCTATTCATCTTTCATT', 'AATGAAAGATGAATAGAAAAGGATATCAAT']",AATGAAAGATGAATAGAAAAGGATATCAAT,((((((((((((((((((((((((((((((+))))))))))))))))))))))))))))))
DP288,288,30,0.62,2e-06,ATTGATATCCTTTTCTATTCATCTTTCATT,68.6,67.04,"['ATTGATATCCTTTTCTATTCATCTTTCATT', 'AATGAAAGATGAATAGAAAAGGATATCAAT']",AATGAAAGATGAATAGAAAAGGATATCAAT,((((((((((((((((((((((((((((((+))))))))))))))))))))))))))))))
DP289,289,30,1.02,2e-06,ATTGATATCCTTTTCTATTCATCTTTCATT,70.4,69.51,"['ATTGATATCCTTTTCTATTCATCTTTCATT', 'AATGAAAGATGAATAGAAAAGGATATCAAT']",AATGAAAGATGAATAGAAAAGGATATCAAT,((((((((((((((((((((((((((((((+))))))))))))))))))))))))))))))
DP290,290,30,0.07,2e-06,AAAGTACATCAACATAGAGAATTGCATTTC,58.3,58.91,"['AAAGTACATCAACATAGAGAATTGCATTTC', 'GAAATGCAATTCTCTATGTTGATGTACTTT']",GAAATGCAATTCTCTATGTTGATGTACTTT,((((((((((((((((((((((((((((((+))))))))))))))))))))))))))))))
DP291,291,30,0.12,2e-06,AAAGTACATCAACATAGAGAATTGCATTTC,61.9,61.59,"['AAAGTACATCAACATAGAGAATTGCATTTC', 'GAAATGCAATTCTCTATGTTGATGTACTTT']",GAAATGCAATTCTCTATGTTGATGTACTTT,((((((((((((((((((((((((((((((+))))))))))))))))))))))))))))))
DP292,292,30,0.22,2e-06,AAAGTACATCAACATAGAGAATTGCATTTC,66.1,64.59,"['AAAGTACATCAACATAGAGAATTGCATTTC', 'GAAATGCAATTCTCTATGTTGATGTACTTT']",GAAATGCAATTCTCTATGTTGATGTACTTT,((((((((((((((((((((((((((((((+))))))))))))))))))))))))))))))
DP293,293,30,0.62,2e-06,AAAGTACATCAACATAGAGAATTGCATTTC,71.3,69.73,"['AAAGTACATCAACATAGAGAATTGCATTTC', 'GAAATGCAATTCTCTATGTTGATGTACTTT']",GAAATGCAATTCTCTATGTTGATGTACTTT,((((((((((((((((((((((((((((((+))))))))))))))))))))))))))))))
DP294,294,30,1.02,2e-06,AAAGTACATCAACATAGAGAATTGCATTTC,73.2,72.2,"['AAAGTACATCAACATAGAGAATTGCATTTC', 'GAAATGCAATTCTCTATGTTGATGTACTTT']",GAAATGCAATTCTCTATGTTGATGTACTTT,((((((((((((((((((((((((((((((+))))))))))))))))))))))))))))))
DP295,295,30,0.07,2e-06,CTTAAGATATGAGAACTTCAACTAATGTGT,56.8,58.42,"['CTTAAGATATGAGAACTTCAACTAATGTGT', 'ACACATTAGTTGAAGTTCTCATATCTTAAG']",ACACATTAGTTGAAGTTCTCATATCTTAAG,((((((((((((((((((((((((((((((+))))))))))))))))))))))))))))))
DP296,296,30,0.12,2e-06,CTTAAGATATGAGAACTTCAACTAATGTGT,61.3,61.1,"['CTTAAGATATGAGAACTTCAACTAATGTGT', 'ACACATTAGTTGAAGTTCTCATATCTTAAG']",ACACATTAGTTGAAGTTCTCATATCTTAAG,((((((((((((((((((((((((((((((+))))))))))))))))))))))))))))))
DP297,297,30,0.22,2e-06,CTTAAGATATGAGAACTTCAACTAATGTGT,64.9,64.1,"['CTTAAGATATGAGAACTTCAACTAATGTGT', 'ACACATTAGTTGAAGTTCTCATATCTTAAG']",ACACATTAGTTGAAGTTCTCATATCTTAAG,((((((((((((((((((((((((((((((+))))))))))))))))))))))))))))))
DP298,298,30,0.62,2e-06,CTTAAGATATGAGAACTTCAACTAATGTGT,70.5,69.24,"['CTTAAGATATGAGAACTTCAACTAATGTGT', 'ACACATTAGTTGAAGTTCTCATATCTTAAG']",ACACATTAGTTGAAGTTCTCATATCTTAAG,((((((((((((((((((((((((((((((+))))))))))))))))))))))))))))))
DP299,299,30,1.02,2e-06,CTTAAGATATGAGAACTTCAACTAATGTGT,71.8,71.71,"['CTTAAGATATGAGAACTTCAACTAATGTGT', 'ACACATTAGTTGAAGTTCTCATATCTTAAG']",ACACATTAGTTGAAGTTCTCATATCTTAAG,((((((((((((((((((((((((((((((+))))))))))))))))))))))))))))))
DP300,300,30,0.07,2e-06,CTCAACTTGCGGTAAATAAATCGCTTAATC,60.9,60.63,"['CTCAACTTGCGGTAAATAAATCGCTTAATC', 'GATTAAGCGATTTATTTACCGCAAGTTGAG']",GATTAAGCGATTTATTTACCGCAAGTTGAG,((((((((((((((((((((((((((((((+))))))))))))))))))))))))))))))
DP301,301,30,0.12,2e-06,CTCAACTTGCGGTAAATAAATCGCTTAATC,64.8,63.3,"['CTCAACTTGCGGTAAATAAATCGCTTAATC', 'GATTAAGCGATTTATTTACCGCAAGTTGAG']",GATTAAGCGATTTATTTACCGCAAGTTGAG,((((((((((((((((((((((((((((((+))))))))))))))))))))))))))))))
DP302,302,30,0.22,2e-06,CTCAACTTGCGGTAAATAAATCGCTTAATC,68.7,66.31,"['CTCAACTTGCGGTAAATAAATCGCTTAATC', 'GATTAAGCGATTTATTTACCGCAAGTTGAG']",GATTAAGCGATTTATTTACCGCAAGTTGAG,((((((((((((((((((((((((((((((+))))))))))))))))))))))))))))))
DP303,303,30,0.62,2e-06,CTCAACTTGCGGTAAATAAATCGCTTAATC,74.4,71.45,"['CTCAACTTGCGGTAAATAAATCGCTTAATC', 'GATTAAGCGATTTATTTACCGCAAGTTGAG']",GATTAAGCGATTTATTTACCGCAAGTTGAG,((((((((((((((((((((((((((((((+))))))))))))))))))))))))))))))
DP304,304,30,0.07,2e-06,TATTGAGAACAAGTGTCCGATTAGCAGAAA,61.3,61.61,"['TATTGAGAACAAGTGTCCGATTAGCAGAAA', 'TTTCTGCTAATCGGACACTTGTTCTCAATA']",TTTCTGCTAATCGGACACTTGTTCTCAATA,((((((((((((((((((((((((((((((+))))))))))))))))))))))))))))))
DP305,305,30,0.12,2e-06,TATTGAGAACAAGTGTCCGATTAGCAGAAA,65.4,64.28,"['TATTGAGAACAAGTGTCCGATTAGCAGAAA', 'TTTCTGCTAATCGGACACTTGTTCTCAATA']",TTTCTGCTAATCGGACACTTGTTCTCAATA,((((((((((((((((((((((((((((((+))))))))))))))))))))))))))))))
DP306,306,30,0.62,2e-06,TATTGAGAACAAGTGTCCGATTAGCAGAAA,74.8,72.43,"['TATTGAGAACAAGTGTCCGATTAGCAGAAA', 'TTTCTGCTAATCGGACACTTGTTCTCAATA']",TTTCTGCTAATCGGACACTTGTTCTCAATA,((((((((((((((((((((((((((((((+))))))))))))))))))))))))))))))
DP307,307,30,1.02,2e-06,TATTGAGAACAAGTGTCCGATTAGCAGAAA,76.4,74.9,"['TATTGAGAACAAGTGTCCGATTAGCAGAAA', 'TTTCTGCTAATCGGACACTTGTTCTCAATA']",TTTCTGCTAATCGGACACTTGTTCTCAATA,((((((((((((((((((((((((((((((+))))))))))))))))))))))))))))))
DP308,308,30,0.07,2e-06,AACCTGCAACATGGAGTTTTTGTCTCATGC,64.5,64.79,"['AACCTGCAACATGGAGTTTTTGTCTCATGC', 'GCATGAGACAAAAACTCCATGTTGCAGGTT']",GCATGAGACAAAAACTCCATGTTGCAGGTT,((((((((((((((((((((((((((((((+))))))))))))))))))))))))))))))
DP309,309,30,0.12,2e-06,AACCTGCAACATGGAGTTTTTGTCTCATGC,68.3,67.47,"['AACCTGCAACATGGAGTTTTTGTCTCATGC', 'GCATGAGACAAAAACTCCATGTTGCAGGTT']",GCATGAGACAAAAACTCCATGTTGCAGGTT,((((((((((((((((((((((((((((((+))))))))))))))))))))))))))))))
DP310,310,30,0.22,2e-06,AACCTGCAACATGGAGTTTTTGTCTCATGC,72.5,70.47,"['AACCTGCAACATGGAGTTTTTGTCTCATGC', 'GCATGAGACAAAAACTCCATGTTGCAGGTT']",GCATGAGACAAAAACTCCATGTTGCAGGTT,((((((((((((((((((((((((((((((+))))))))))))))))))))))))))))))
DP311,311,30,0.62,2e-06,AACCTGCAACATGGAGTTTTTGTCTCATGC,77.7,75.61,"['AACCTGCAACATGGAGTTTTTGTCTCATGC', 'GCATGAGACAAAAACTCCATGTTGCAGGTT']",GCATGAGACAAAAACTCCATGTTGCAGGTT,((((((((((((((((((((((((((((((+))))))))))))))))))))))))))))))
DP312,312,30,1.02,2e-06,AACCTGCAACATGGAGTTTTTGTCTCATGC,78.7,78.08,"['AACCTGCAACATGGAGTTTTTGTCTCATGC', 'GCATGAGACAAAAACTCCATGTTGCAGGTT']",GCATGAGACAAAAACTCCATGTTGCAGGTT,((((((((((((((((((((((((((((((+))))))))))))))))))))))))))))))
DP313,313,30,0.07,2e-06,GTTCACGTCCGAAAGCTCGAAAAAGGATAC,64.3,65.04,"['GTTCACGTCCGAAAGCTCGAAAAAGGATAC', 'GTATCCTTTTTCGAGCTTTCGGACGTGAAC']",GTATCCTTTTTCGAGCTTTCGGACGTGAAC,((((((((((((((((((((((((((((((+))))))))))))))))))))))))))))))
DP314,314,30,0.12,2e-06,GTTCACGTCCGAAAGCTCGAAAAAGGATAC,68.2,67.71,"['GTTCACGTCCGAAAGCTCGAAAAAGGATAC', 'GTATCCTTTTTCGAGCTTTCGGACGTGAAC']",GTATCCTTTTTCGAGCTTTCGGACGTGAAC,((((((((((((((((((((((((((((((+))))))))))))))))))))))))))))))
DP315,315,30,0.22,2e-06,GTTCACGTCCGAAAGCTCGAAAAAGGATAC,72.1,70.72,"['GTTCACGTCCGAAAGCTCGAAAAAGGATAC', 'GTATCCTTTTTCGAGCTTTCGGACGTGAAC']",GTATCCTTTTTCGAGCTTTCGGACGTGAAC,((((((((((((((((((((((((((((((+))))))))))))))))))))))))))))))
DP316,316,30,0.62,2e-06,GTTCACGTCCGAAAGCTCGAAAAAGGATAC,77.1,75.86,"['GTTCACGTCCGAAAGCTCGAAAAAGGATAC', 'GTATCCTTTTTCGAGCTTTCGGACGTGAAC']",GTATCCTTTTTCGAGCTTTCGGACGTGAAC,((((((((((((((((((((((((((((((+))))))))))))))))))))))))))))))
DP317,317,30,1.02,2e-06,GTTCACGTCCGAAAGCTCGAAAAAGGATAC,78.7,78.33,"['GTTCACGTCCGAAAGCTCGAAAAAGGATAC', 'GTATCCTTTTTCGAGCTTTCGGACGTGAAC']",GTATCCTTTTTCGAGCTTTCGGACGTGAAC,((((((((((((((((((((((((((((((+))))))))))))))))))))))))))))))
DP318,318,30,0.07,2e-06,AGTCTGGTCTGGATCTGAGAACTTCAGGCT,66.3,67.73,"['AGTCTGGTCTGGATCTGAGAACTTCAGGCT', 'AGCCTGAAGTTCTCAGATCCAGACCAGACT']",AGCCTGAAGTTCTCAGATCCAGACCAGACT,((((((((((((((((((((((((((((((+))))))))))))))))))))))))))))))
DP319,319,30,0.12,2e-06,AGTCTGGTCTGGATCTGAGAACTTCAGGCT,70.4,70.41,"['AGTCTGGTCTGGATCTGAGAACTTCAGGCT', 'AGCCTGAAGTTCTCAGATCCAGACCAGACT']",AGCCTGAAGTTCTCAGATCCAGACCAGACT,((((((((((((((((((((((((((((((+))))))))))))))))))))))))))))))
DP320,320,30,0.07,2e-06,TCGGAGAAATCACTGAGCTGCCTGAGAAGA,66.3,67.0,"['TCGGAGAAATCACTGAGCTGCCTGAGAAGA', 'TCTTCTCAGGCAGCTCAGTGATTTCTCCGA']",TCTTCTCAGGCAGCTCAGTGATTTCTCCGA,((((((((((((((((((((((((((((((+))))))))))))))))))))))))))))))
DP321,321,30,0.12,2e-06,TCGGAGAAATCACTGAGCTGCCTGAGAAGA,70.4,69.67,"['TCGGAGAAATCACTGAGCTGCCTGAGAAGA', 'TCTTCTCAGGCAGCTCAGTGATTTCTCCGA']",TCTTCTCAGGCAGCTCAGTGATTTCTCCGA,((((((((((((((((((((((((((((((+))))))))))))))))))))))))))))))
DP322,322,30,1.02,2e-06,TCGGAGAAATCACTGAGCTGCCTGAGAAGA,80.9,80.29,"['TCGGAGAAATCACTGAGCTGCCTGAGAAGA', 'TCTTCTCAGGCAGCTCAGTGATTTCTCCGA']",TCTTCTCAGGCAGCTCAGTGATTTCTCCGA,((((((((((((((((((((((((((((((+))))))))))))))))))))))))))))))
DP323,323,30,0.07,2e-06,CTTCAACGGATCAGGTAGGACTGTGGTGGG,67.6,68.96,"['CTTCAACGGATCAGGTAGGACTGTGGTGGG', 'CCCACCACAGTCCTACCTGATCCGTTGAAG']",CCCACCACAGTCCTACCTGATCCGTTGAAG,((((((((((((((((((((((((((((((+))))))))))))))))))))))))))))))
DP324,324,30,0.22,2e-06,CTTCAACGGATCAGGTAGGACTGTGGTGGG,74.7,74.64,"['CTTCAACGGATCAGGTAGGACTGTGGTGGG', 'CCCACCACAGTCCTACCTGATCCGTTGAAG']",CCCACCACAGTCCTACCTGATCCGTTGAAG,((((((((((((((((((((((((((((((+))))))))))))))))))))))))))))))
DP325,325,30,0.62,2e-06,CTTCAACGGATCAGGTAGGACTGTGGTGGG,78.8,79.78,"['CTTCAACGGATCAGGTAGGACTGTGGTGGG', 'CCCACCACAGTCCTACCTGATCCGTTGAAG']",CCCACCACAGTCCTACCTGATCCGTTGAAG,((((((((((((((((((((((((((((((+))))))))))))))))))))))))))))))
DP326,326,30,0.07,2e-06,ACGCCCACAGGATTAGGCTGGCCCACATTG,71.3,71.9,"['ACGCCCACAGGATTAGGCTGGCCCACATTG', 'CAATGTGGGCCAGCCTAATCCTGTGGGCGT']",CAATGTGGGCCAGCCTAATCCTGTGGGCGT,((((((((((((((((((((((((((((((+))))))))))))))))))))))))))))))
DP327,327,30,0.22,2e-06,ACGCCCACAGGATTAGGCTGGCCCACATTG,78.5,77.58,"['ACGCCCACAGGATTAGGCTGGCCCACATTG', 'CAATGTGGGCCAGCCTAATCCTGTGGGCGT']",CAATGTGGGCCAGCCTAATCCTGTGGGCGT,((((((((((((((((((((((((((((((+))))))))))))))))))))))))))))))
DP328,328,30,1.02,2e-06,ACGCCCACAGGATTAGGCTGGCCCACATTG,84.0,85.19,"['ACGCCCACAGGATTAGGCTGGCCCACATTG', 'CAATGTGGGCCAGCCTAATCCTGTGGGCGT']",CAATGTGGGCCAGCCTAATCCTGTGGGCGT,((((((((((((((((((((((((((((((+))))))))))))))))))))))))))))))
DP329,329,30,0.07,2e-06,GTTATTCCGCAGTCCGATGGCAGCAGGCTC,70.6,71.41,"['GTTATTCCGCAGTCCGATGGCAGCAGGCTC', 'GAGCCTGCTGCCATCGGACTGCGGAATAAC']",GAGCCTGCTGCCATCGGACTGCGGAATAAC,((((((((((((((((((((((((((((((+))))))))))))))))))))))))))))))
DP330,330,30,0.62,2e-06,GTTATTCCGCAGTCCGATGGCAGCAGGCTC,82.4,82.23,"['GTTATTCCGCAGTCCGATGGCAGCAGGCTC', 'GAGCCTGCTGCCATCGGACTGCGGAATAAC']",GAGCCTGCTGCCATCGGACTGCGGAATAAC,((((((((((((((((((((((((((((((+))))))))))))))))))))))))))))))
DP331,331,30,1.02,2e-06,GTTATTCCGCAGTCCGATGGCAGCAGGCTC,84.1,84.7,"['GTTATTCCGCAGTCCGATGGCAGCAGGCTC', 'GAGCCTGCTGCCATCGGACTGCGGAATAAC']",GAGCCTGCTGCCATCGGACTGCGGAATAAC,((((((((((((((((((((((((((((((+))))))))))))))))))))))))))))))
DP332,332,30,0.12,2e-06,TCAGTAGGCGTGACGCAGAGCTGGCGATGG,75.7,75.8,"['TCAGTAGGCGTGACGCAGAGCTGGCGATGG', 'CCATCGCCAGCTCTGCGTCACGCCTACTGA']",CCATCGCCAGCTCTGCGTCACGCCTACTGA,((((((((((((((((((((((((((((((+))))))))))))))))))))))))))))))
DP333,333,30,0.22,2e-06,TCAGTAGGCGTGACGCAGAGCTGGCGATGG,79.3,78.8,"['TCAGTAGGCGTGACGCAGAGCTGGCGATGG', 'CCATCGCCAGCTCTGCGTCACGCCTACTGA']",CCATCGCCAGCTCTGCGTCACGCCTACTGA,((((((((((((((((((((((((((((((+))))))))))))))))))))))))))))))
DP334,334,30,0.62,2e-06,TCAGTAGGCGTGACGCAGAGCTGGCGATGG,83.3,83.94,"['TCAGTAGGCGTGACGCAGAGCTGGCGATGG', 'CCATCGCCAGCTCTGCGTCACGCCTACTGA']",CCATCGCCAGCTCTGCGTCACGCCTACTGA,((((((((((((((((((((((((((((((+))))))))))))))))))))))))))))))
DP335,335,30,0.12,2e-06,CGCGCCACGTGTGATCTACAGCCGTTCGGC,76.3,77.27,"['CGCGCCACGTGTGATCTACAGCCGTTCGGC', 'GCCGAACGGCTGTAGATCACACGTGGCGCG']",GCCGAACGGCTGTAGATCACACGTGGCGCG,((((((((((((((((((((((((((((((+))))))))))))))))))))))))))))))
DP336,336,30,0.22,2e-06,CGCGCCACGTGTGATCTACAGCCGTTCGGC,79.5,80.27,"['CGCGCCACGTGTGATCTACAGCCGTTCGGC', 'GCCGAACGGCTGTAGATCACACGTGGCGCG']",GCCGAACGGCTGTAGATCACACGTGGCGCG,((((((((((((((((((((((((((((((+))))))))))))))))))))))))))))))
DP337,337,30,1.02,2e-06,CGCGCCACGTGTGATCTACAGCCGTTCGGC,84.5,87.88,"['CGCGCCACGTGTGATCTACAGCCGTTCGGC', 'GCCGAACGGCTGTAGATCACACGTGGCGCG']",GCCGAACGGCTGTAGATCACACGTGGCGCG,((((((((((((((((((((((((((((((+))))))))))))))))))))))))))))))
DP338,338,30,0.07,2e-06,GACCTGACGTGGACCGCTCCTGGGCGTGGT,74.4,76.55,"['GACCTGACGTGGACCGCTCCTGGGCGTGGT', 'ACCACGCCCAGGAGCGGTCCACGTCAGGTC']",ACCACGCCCAGGAGCGGTCCACGTCAGGTC,((((((((((((((((((((((((((((((+))))))))))))))))))))))))))))))
DP339,339,30,0.12,2e-06,GACCTGACGTGGACCGCTCCTGGGCGTGGT,78.4,79.23,"['GACCTGACGTGGACCGCTCCTGGGCGTGGT', 'ACCACGCCCAGGAGCGGTCCACGTCAGGTC']",ACCACGCCCAGGAGCGGTCCACGTCAGGTC,((((((((((((((((((((((((((((((+))))))))))))))))))))))))))))))
DP340,340,30,0.62,2e-06,GACCTGACGTGGACCGCTCCTGGGCGTGGT,85.2,87.37,"['GACCTGACGTGGACCGCTCCTGGGCGTGGT', 'ACCACGCCCAGGAGCGGTCCACGTCAGGTC']",ACCACGCCCAGGAGCGGTCCACGTCAGGTC,((((((((((((((((((((((((((((((+))))))))))))))))))))))))))))))
DP341,341,30,1.02,2e-06,GACCTGACGTGGACCGCTCCTGGGCGTGGT,86.4,89.84,"['GACCTGACGTGGACCGCTCCTGGGCGTGGT', 'ACCACGCCCAGGAGCGGTCCACGTCAGGTC']",ACCACGCCCAGGAGCGGTCCACGTCAGGTC,((((((((((((((((((((((((((((((+))))))))))))))))))))))))))))))
DP342,342,30,0.07,2e-06,GCCCCTCCACTGGCCGACGGCAGCAGGCTC,76.3,78.51,"['GCCCCTCCACTGGCCGACGGCAGCAGGCTC', 'GAGCCTGCTGCCGTCGGCCAGTGGAGGGGC']",GAGCCTGCTGCCGTCGGCCAGTGGAGGGGC,((((((((((((((((((((((((((((((+))))))))))))))))))))))))))))))
DP343,343,30,0.12,2e-06,GCCCCTCCACTGGCCGACGGCAGCAGGCTC,79.8,81.19,"['GCCCCTCCACTGGCCGACGGCAGCAGGCTC', 'GAGCCTGCTGCCGTCGGCCAGTGGAGGGGC']",GAGCCTGCTGCCGTCGGCCAGTGGAGGGGC,((((((((((((((((((((((((((((((+))))))))))))))))))))))))))))))
DP344,344,30,0.22,2e-06,GCCCCTCCACTGGCCGACGGCAGCAGGCTC,83.6,84.19,"['GCCCCTCCACTGGCCGACGGCAGCAGGCTC', 'GAGCCTGCTGCCGTCGGCCAGTGGAGGGGC']",GAGCCTGCTGCCGTCGGCCAGTGGAGGGGC,((((((((((((((((((((((((((((((+))))))))))))))))))))))))))))))
DP345,345,30,0.62,2e-06,GCCCCTCCACTGGCCGACGGCAGCAGGCTC,87.1,89.33,"['GCCCCTCCACTGGCCGACGGCAGCAGGCTC', 'GAGCCTGCTGCCGTCGGCCAGTGGAGGGGC']",GAGCCTGCTGCCGTCGGCCAGTGGAGGGGC,((((((((((((((((((((((((((((((+))))))))))))))))))))))))))))))
DP346,346,30,1.02,2e-06,GCCCCTCCACTGGCCGACGGCAGCAGGCTC,87.7,91.8,"['GCCCCTCCACTGGCCGACGGCAGCAGGCTC', 'GAGCCTGCTGCCGTCGGCCAGTGGAGGGGC']",GAGCCTGCTGCCGTCGGCCAGTGGAGGGGC,((((((((((((((((((((((((((((((+))))))))))))))))))))))))))))))
DP347,347,30,1.02,2e-06,CGCCGCTGCCGACTGGAGGAGCGCGGGACG,88.6,92.78,"['CGCCGCTGCCGACTGGAGGAGCGCGGGACG', 'CGTCCCGCGCTCCTCCAGTCGGCAGCGGCG']",CGTCCCGCGCTCCTCCAGTCGGCAGCGGCG,((((((((((((((((((((((((((((((+))))))))))))))))))))))))))))))
