,dG_37,base_stack,parent,mismatch,isWC
GA_AC,0.17,G_C,GT_AC,T>A,False
GC_AC,0.47,G_C,GT_AC,T>C,False
GG_AC,-0.52,G_C,GT_AC,T>G,False
GT_AC,-1.44,G_C,GT_AC,-,True
CA_AG,0.43,C_G,CT_AG,T>A,False
CC_AG,0.79,C_G,CT_AG,T>C,False
CG_AG,0.11,C_G,CT_AG,T>G,False
CT_AG,-1.28,C_G,CT_AG,-,True
AA_AT,0.61,A_T,AT_AT,T>A,False
AC_AT,0.77,A_T,AT_AT,T>C,False
AG_AT,0.02,A_T,AT_AT,T>G,False
AT_AT,-0.88,A_T,AT_AT,-,True
TA_AA,0.69,T_A,TT_AA,T>A,False
TC_AA,1.33,T_A,TT_AA,T>C,False
TG_AA,0.74,T_A,TT_AA,T>G,False
TT_AA,-1.0,T_A,TT_AA,-,True
GA_CC,0.81,G_C,GG_CC,G>A,False
GC_CC,0.79,G_C,GG_CC,G>C,False
GG_CC,-1.84,G_C,GG_CC,-,True
GT_CC,0.98,G_C,GG_CC,G>T,False
CA_CG,0.75,C_G,CG_CG,G>A,False
CC_CG,0.7,C_G,CG_CG,G>C,False
CG_CG,-2.17,C_G,CG_CG,-,True
CT_CG,0.4,C_G,CG_CG,G>T,False
AA_CT,0.88,A_T,AG_CT,G>A,False
AC_CT,1.33,A_T,AG_CT,G>C,False
AG_CT,-1.28,A_T,AG_CT,-,True
AT_CT,0.73,A_T,AG_CT,G>T,False
TA_CA,0.92,T_A,TG_CA,G>A,False
TC_CA,1.05,T_A,TG_CA,G>C,False
TG_CA,-1.45,T_A,TG_CA,-,True
TT_CA,0.75,T_A,TG_CA,G>T,False
GA_GC,-0.25,G_C,GC_GC,C>A,False
GC_GC,-2.24,G_C,GC_GC,-,True
GG_GC,-1.11,G_C,GC_GC,C>G,False
GT_GC,-0.59,G_C,GC_GC,C>T,False
CA_GG,0.03,C_G,CC_GG,C>A,False
CC_GG,-1.84,C_G,CC_GG,-,True
CG_GG,-0.11,C_G,CC_GG,C>G,False
CT_GG,-0.32,C_G,CC_GG,C>T,False
AA_GT,0.14,A_T,AC_GT,C>A,False
AC_GT,-1.44,A_T,AC_GT,-,True
AG_GT,-0.13,A_T,AC_GT,C>G,False
AT_GT,0.07,A_T,AC_GT,C>T,False
TA_GA,0.42,T_A,TC_GA,C>A,False
TC_GA,-1.3,T_A,TC_GA,-,True
TG_GA,0.44,T_A,TC_GA,C>G,False
TT_GA,0.34,T_A,TC_GA,C>T,False
GA_TC,-1.3,G_C,GA_TC,-,True
GC_TC,0.62,G_C,GA_TC,A>C,False
GG_TC,0.08,G_C,GA_TC,A>G,False
GT_TC,0.45,G_C,GA_TC,A>T,False
CA_TG,-1.45,C_G,CA_TG,-,True
CC_TG,0.62,C_G,CA_TG,A>C,False
CG_TG,-0.47,C_G,CA_TG,A>G,False
CT_TG,-0.12,C_G,CA_TG,A>T,False
AA_TT,-1.0,A_T,AA_TT,-,True
AC_TT,0.64,A_T,AA_TT,A>C,False
AG_TT,0.71,A_T,AA_TT,A>G,False
AT_TT,0.69,A_T,AA_TT,A>T,False
TA_TA,-0.58,T_A,TA_TA,-,True
TC_TA,0.97,T_A,TA_TA,A>C,False
TG_TA,0.43,T_A,TA_TA,A>G,False
TT_TA,0.68,T_A,TA_TA,A>T,False
